countyFIPS,population_male,population_female,sex_ratio,under_18,over_18,over_or_62,median_age,total_housing
1103,59216,59873,98.9,27098,91991,25752,40.7,52284
6031,83591,67775,123.3,40773,110593,19049,32.0,46649
6053,221011,214583,103.0,114103,321491,74816,34.7,142414
6057,48808,50888,95.9,17079,82617,33053,50.5,54264
6089,88679,91361,97.1,38584,141456,45457,41.5,79187
6115,39819,38222,104.2,21261,56780,12898,33.8,28688
8035,171478,171298,100.1,88978,253798,50477,39.1,128744
9001,459662,484161,94.9,211990,731833,187586,40.8,374480
10001,85805,92745,92.5,40645,137905,36324,38.1,73086
10003,271116,288219,94.1,120253,439082,108428,38.4,224481
12089,42698,43134,99.0,17088,68744,22574,46.1,39981
12111,155903,165225,94.4,63151,257977,88688,45.2,142774
12113,91848,87501,105.0,39294,140055,35943,40.0,73056
13013,39917,40892,97.6,20961,59848,12601,36.3,28952
13157,34762,35660,97.5,17896,52526,12499,38.3,26070
13185,55535,60786,91.4,27878,88443,17773,30.8,48525
13245,96104,105450,91.1,45628,155926,37121,34.4,89098
13285,32962,37072,88.9,17162,52872,13597,36.4,28636
13295,34967,34443,101.5,14990,54420,15631,42.5,30460
17001,32661,33030,98.9,14979,50712,15562,41.5,30269
17037,50903,53240,95.6,22273,81870,16671,30.9,41250
17163,126952,134107,94.7,61162,199897,52062,39.6,120612
17199,33990,33066,102.8,14897,52159,15962,40.9,31375
18035,55362,59410,93.2,21430,93342,24283,35.0,52731
18063,83439,83570,99.8,41779,125230,29018,38.2,63172
18091,58196,51811,112.3,23422,86585,23978,40.4,49209
18095,64211,65430,98.1,28037,101604,29730,40.2,59141
19061,47876,48978,97.8,21527,75327,21476,38.4,41514
19155,45715,47818,95.6,21687,71846,20698,39.3,40007
20091,294084,303471,96.9,145641,451914,108288,37.8,244476
21117,81777,84274,97.0,39370,126681,30243,36.2,69858
21227,64686,66578,97.2,30077,101187,20941,33.0,53976
22055,117790,124992,94.2,57348,185434,39820,35.4,104041
24017,77505,83998,92.3,38138,123365,25942,38.2,61244
24021,126543,129105,98.0,59288,196360,47602,39.1,99032
24033,437625,471683,92.8,201928,707380,153042,37.4,333858
25017,790337,824377,95.9,318633,1296081,303846,38.4,641484
25025,390462,416790,93.7,133658,673594,118570,32.9,342069
26045,54390,55436,98.1,22484,87342,25456,40.8,47669
26055,46141,46432,99.4,18916,73657,22595,42.6,44513
26075,81049,77774,104.2,33802,125021,34742,41.5,69696
26077,130970,133900,97.8,57284,207586,49226,34.5,112806
26121,87191,86397,100.9,40064,133524,36635,39.3,74301
26139,143592,146902,97.7,69532,220962,54133,35.2,110839
27003,176777,177036,99.9,84398,269415,63119,39.3,133184
27019,50636,52915,95.7,27756,75795,15832,38.1,38848
27109,76519,79758,95.9,38257,118020,28758,38.1,66669
27137,99837,99917,99.9,38011,161743,47481,40.9,105006
27141,49471,46565,106.2,25172,70864,13370,35.6,34301
28075,36101,39216,92.1,17728,57589,15125,37.4,35349
28081,41053,44149,93.0,20753,64449,15648,37.1,37051
28121,74616,79286,94.1,35671,118231,28049,38.0,61489
31055,279531,287349,97.3,145336,421544,92158,34.8,237325
31109,159421,157851,101.0,72321,244951,54682,34.0,133465
31153,92342,92117,100.2,50553,133906,27032,34.7,69957
33005,36924,39569,93.3,13635,62858,18991,43.4,35724
33011,205664,209583,98.1,84981,330266,80841,41.1,172044
34009,45935,46625,98.5,14739,77821,28774,50.4,99427
34011,77267,73705,104.8,35304,115668,27984,38.4,56497
34017,336097,339964,98.9,138221,537840,101555,35.3,284124
35045,61679,63364,97.3,32938,92105,23199,36.0,51273
35049,72779,77277,94.2,26881,123175,44337,47.8,73463
36089,55626,52421,106.1,21600,86447,22410,39.8,53374
36111,88542,90057,98.3,31311,147288,42153,43.3,85431
37025,103559,107783,96.1,54217,157125,34612,37.6,80867
37051,164324,168006,97.8,81795,250535,49839,31.5,147123
37081,252785,280885,90.0,119037,414633,100298,37.0,230468
37183,531608,560697,94.8,261532,830773,159476,36.4,441828
38015,48205,47068,102.4,21684,73589,18123,37.4,43159
39085,113126,117388,96.4,46210,184304,56833,44.2,103306
39093,152537,156924,97.2,68263,241198,70893,42.1,131931
39095,208451,221448,94.1,98562,331337,86063,38.1,203491
39153,263355,278563,94.5,113126,428792,121669,41.0,246191
40037,35373,36231,97.6,17062,54542,15310,40.2,30778
40119,42030,40010,105.0,16208,65832,12461,27.8,36824
40131,45795,46189,99.1,21479,70505,18564,39.7,38545
40143,316400,331960,95.3,164041,484319,114780,35.9,284556
41039,186890,192721,97.0,69901,309710,88863,39.5,163490
42001,50601,52210,96.9,21167,81644,25272,43.8,42572
42041,124461,126962,98.0,50809,200614,56923,40.7,106887
42075,69165,72149,95.9,32141,109173,33779,41.3,58010
42081,54669,58995,92.7,23317,90347,26998,41.7,53530
44003,80021,83840,95.4,30876,132985,38494,44.0,74510
45015,110788,110303,100.4,52742,168349,38253,36.2,85972
45085,51530,54982,93.7,25144,81368,21577,36.7,48282
47037,334254,358333,93.3,143599,548988,105702,34.5,319508
47065,175428,188858,92.9,75764,288522,79379,39.7,160807
47147,34958,36054,97.0,16931,54081,12909,39.2,27765
47179,62989,65618,96.0,24055,104552,28575,40.7,60856
48039,187017,183183,102.1,97974,272226,54823,36.1,139484
48085,494709,510437,96.9,260477,744669,140281,37.2,377384
48113,1301856,1335916,97.5,689655,1948117,359336,33.5,1027930
48167,166749,171141,97.4,81756,256134,58779,37.8,148293
48491,278884,287835,96.9,145367,421352,86076,36.5,198636
49005,63636,63432,100.3,38648,88420,14376,25.4,42242
49045,35716,34191,104.5,22890,47017,8491,31.6,22463
51153,233834,234177,99.9,127649,340362,60040,35.4,150475
51199,31895,35951,88.7,16156,51690,13349,39.2,27908
53011,238961,242896,98.4,114789,367068,92707,38.6,186159
53015,53593,55394,96.7,25393,83594,26140,40.5,44959
53041,39969,39635,100.8,16999,62605,20546,43.4,35335
53045,33563,31944,105.1,12538,52969,17595,45.7,33685
53053,443778,447521,99.2,209271,682028,155612,36.4,351009
54061,55123,51297,107.5,17697,88723,16592,32.4,45069
54081,37430,36824,101.6,15716,58538,19050,41.8,36167
55009,131002,132376,99.0,62704,200674,48570,38.1,110382
55105,80917,82212,98.4,37426,125703,33027,39.4,69235
55117,59076,56380,104.8,25182,90274,25181,40.8,51352
56021,49623,49353,100.5,23122,75854,20414,37.9,43892
1089,178964,187555,95.4,80048,286471,66663,38.5,164263
1127,31070,32641,95.2,13976,49735,13917,41.5,31249
5007,135116,137492,98.3,71569,201039,44372,35.5,108481
6065,1221553,1229205,99.4,616127,1834631,430696,35.8,848646
6085,982419,955151,102.9,423735,1513835,324601,37.2,678530
6087,134866,139389,96.8,52617,221638,56790,37.9,106718
6099,272319,277496,98.1,148801,401014,89855,34.5,182305
6101,47630,49177,96.9,24983,71824,18537,35.7,34475
6111,420907,430060,97.9,194458,656509,160620,38.4,290984
8001,258354,253514,101.9,135775,376093,67694,34.0,175623
8101,81804,85725,95.4,37486,130043,38343,39.4,71451
9009,412943,444677,92.9,173312,684308,183084,40.5,367766
12061,76541,80872,94.6,25217,132196,61325,54.5,81037
12081,191284,203571,94.0,72457,322398,127080,48.7,194567
12099,719591,766350,93.9,283443,1202498,411206,44.9,689961
12107,36614,37549,97.5,15757,58406,19981,44.9,37374
13021,72997,80098,91.1,37623,115472,30739,36.3,70058
13057,125287,128862,97.2,62094,192055,45282,38.6,94241
13089,356943,399615,89.3,175679,580879,120100,35.9,314314
13097,69386,75945,91.4,37435,107896,21693,36.8,53044
13117,117349,119263,98.4,64825,171787,34030,38.8,84113
13121,508879,541235,94.0,229550,820564,155577,35.6,480354
13127,38778,46441,83.5,18678,66541,20212,40.3,43518
13135,452307,475474,95.1,248878,678903,120768,35.5,312905
13215,94670,99490,95.2,48112,146048,31415,34.2,85018
15001,98970,102013,97.0,43630,157353,52057,42.5,88548
15007,36483,35650,102.3,15680,56453,18185,42.0,31242
16001,235896,234070,100.8,111023,358943,84053,37.4,186486
16027,110799,112700,98.3,62419,161080,39335,34.4,77888
17097,350487,350345,100.0,168695,532137,125806,38.5,265149
17111,153957,154613,99.6,72282,236288,55641,40.9,118810
17179,65006,67322,96.6,29733,102595,30844,41.0,59053
18019,56839,60521,93.9,26544,90816,22881,39.1,51096
18053,31214,34722,89.9,13607,52329,15406,41.4,30494
18081,76121,80104,95.0,39191,117034,27270,37.1,61792
18127,84184,85410,98.6,37422,132172,34475,39.6,69387
19013,65131,67277,96.8,28788,103620,26658,35.2,58321
19103,75678,75582,100.1,30182,121078,22936,30.3,65024
20173,254546,259061,98.3,131921,381686,92200,35.7,220923
21015,65940,65593,100.5,33654,97879,21440,38.2,50035
22051,209971,224080,93.7,95532,338519,90999,39.7,188663
22057,47188,50927,92.7,22982,75133,19817,38.1,41623
23031,100163,106066,94.4,38788,167441,52062,45.8,111043
24027,157591,165605,95.2,78570,244626,56714,39.2,120822
24031,509380,543187,93.8,244087,808480,202674,39.2,390673
24510,282677,319818,88.4,123114,479381,107962,35.5,293633
26005,58153,59174,98.3,28357,88970,24630,40.2,51517
26081,321933,331853,97.0,157809,495977,112448,35.5,257399
26099,425723,449036,94.8,184009,690750,183844,40.7,367934
27053,623320,636108,98.0,276542,982886,220811,36.5,537775
27131,34196,32327,105.8,14884,51639,13072,36.2,25131
28067,32862,35599,92.3,17031,51430,14927,37.6,29143
29037,50586,54368,93.0,25142,79812,22431,41.0,42442
29051,38570,38226,100.9,17241,59555,15251,39.1,33502
29071,52247,51423,101.6,23753,79917,22442,40.4,45538
29189,472353,524592,90.0,219527,777418,221770,40.4,441936
29510,146922,155916,94.2,57502,245336,54271,36.4,177169
33017,63074,67016,94.1,24199,105891,23621,37.3,54311
34005,218445,226939,96.3,92802,352582,93533,41.7,179900
34007,243014,264064,92.0,114758,392320,97826,38.8,206109
34013,384965,414802,92.8,188978,610789,138956,37.8,318814
34021,180597,189214,95.4,78695,291116,68076,38.9,145132
35035,34882,31899,109.4,15459,51322,13847,36.2,31843
36067,222736,239073,93.2,98023,363786,98103,39.3,209344
36069,53729,56135,95.7,22309,87555,26280,43.7,51224
36083,78766,80676,97.6,31179,128263,33797,39.4,73266
36113,31907,32358,98.6,11357,52908,18449,47.1,40207
36117,44790,45274,98.9,19313,70751,21205,44.0,41788
37057,81141,85473,94.9,36641,129973,38104,42.2,75593
37069,32424,35136,92.3,14621,52939,14266,40.6,29018
37071,107209,115637,92.7,50165,172681,44127,40.2,93885
37129,112021,120253,93.2,41986,190288,51066,39.3,113231
37161,31983,34843,91.8,13782,53044,17310,45.0,34473
37171,35224,36724,95.9,15196,56752,18137,44.2,34263
39081,32354,33413,96.8,12485,53282,18221,45.2,32470
39089,85511,90258,94.7,40809,134960,34838,39.8,71052
39169,57444,58523,98.2,28092,87875,25288,38.9,46732
41019,54333,55950,97.1,21351,88932,33418,47.0,50564
41029,106611,112953,94.4,44571,174993,58597,42.9,96251
42055,75735,79100,95.7,34503,120332,35729,40.7,65799
42063,42527,41974,101.3,14818,69683,20275,40.6,39008
42085,55089,55594,99.1,21247,89436,28942,44.8,52310
42091,403331,425273,94.8,178132,650472,180471,41.2,336194
42111,38433,35519,108.2,13094,60858,19909,46.8,38500
42133,221982,226291,98.1,98940,349333,98574,40.9,184880
44007,309606,326478,94.8,129957,506127,119773,37.4,266575
45007,97343,103139,94.4,45426,155056,43767,40.6,88997
45013,91097,97618,93.3,35251,153464,59904,45.5,101255
46099,98105,94771,103.5,49051,143825,31781,35.7,84009
47125,102794,103156,99.6,54940,151010,24042,30.9,82596
47149,159823,165067,96.8,79886,245004,41476,33.8,121829
47165,92547,94602,97.8,43916,143233,36509,40.2,73709
47187,114088,117641,97.0,63088,168641,38120,39.5,85031
48135,82718,79406,104.2,48934,113190,19713,30.9,58685
48183,59025,64682,91.3,31716,91991,23153,35.5,52093
48251,85556,85805,99.7,44421,126940,28998,37.0,62798
48309,124231,130376,95.3,63033,191574,45747,32.9,102458
48347,32131,33580,95.7,15350,50361,10819,31.8,28482
48397,48922,51735,94.6,27170,73487,15499,38.3,35832
48409,34023,32870,103.5,17745,49148,12239,36.7,28478
48423,111659,118562,94.2,56559,173662,45631,36.7,91101
48439,1019965,1064966,95.8,548633,1536298,299033,34.6,779037
48469,44268,47767,92.7,23694,68341,18921,36.4,37079
49049,314444,307769,102.2,207710,414503,60904,24.9,180020
51069,44753,43602,102.6,20659,67696,18559,40.6,34842
51179,75079,74881,100.3,39247,110713,19555,35.8,50458
51510,77087,83443,92.4,29435,131095,23911,36.5,76527
51800,44445,46740,95.1,22080,69105,16750,38.8,37333
53033,1121145,1112018,100.8,452860,1780303,367735,36.8,952597
53077,125234,126212,99.2,74450,176996,42578,33.3,89129
54033,33013,34541,95.6,14002,53552,16885,42.9,31765
55089,43951,45196,97.2,18961,70186,21595,44.3,37783
55127,52101,51617,100.9,21242,82476,22705,40.1,52653
55133,198175,204897,96.7,86697,316375,94508,43.2,166662
72025,57761,66673,86.6,22953,101481,29838,42.6,56612
1043,40794,42648,95.7,18892,64550,18429,40.6,38029
1117,105022,110685,94.9,48670,167037,40234,40.4,88393
1121,38489,41339,93.1,16810,63018,18090,41.5,37906
1125,99576,109335,91.1,43992,164919,34686,33.0,93002
2170,55481,52129,106.4,28861,78749,16870,35.5,41986
4001,35613,36205,98.4,19517,52301,13466,35.4,32942
4015,105596,103954,101.6,35609,173941,76377,52.5,115269
4019,510267,528806,96.5,216294,822779,243731,39.0,462778
4021,233292,213846,109.1,101143,345995,107624,39.8,177186
4027,109526,102602,106.7,53632,158496,45823,35.1,93571
5119,187585,205095,91.5,90988,301692,75865,37.9,185967
5143,118088,118873,99.3,57013,179948,32933,32.2,95013
6037,4982529,5122989,97.3,2188893,7916625,1702353,36.7,3561342
6045,43017,44589,96.5,18535,69071,23698,42.9,40934
6059,1573189,1612779,97.5,698786,2487182,571458,38.3,1111321
6061,193296,199853,96.7,87122,306027,92532,42.3,167122
6067,752842,788133,95.5,363911,1177064,272495,36.4,574471
6095,222472,224138,99.3,99231,347379,86721,38.5,158815
9005,89654,91457,98.0,33007,148104,47152,47.6,88402
9007,78396,84286,93.0,28778,133904,40406,45.6,76547
12023,35555,34948,101.7,15313,55190,16206,40.7,29082
12053,91394,99471,91.9,35153,155712,62500,49.1,87534
12085,79107,81805,96.7,26502,134410,57779,52.5,80394
12087,38491,36536,105.4,11243,63784,20400,48.1,53457
12095,677889,702756,96.5,305594,1075051,205500,35.3,544460
12101,261830,277800,94.3,109471,430159,142909,44.5,246946
12115,203878,222840,91.5,60574,366144,178420,56.5,244020
12119,64120,64634,99.2,9257,119497,81284,67.5,72372
13047,33441,33979,98.4,14028,53392,14491,41.4,27528
13077,73040,72824,100.3,34644,111220,26167,38.3,55387
13247,42762,47832,89.4,22317,68277,16328,38.2,33852
13297,44927,48576,92.5,23405,70098,16783,38.2,34263
15003,492913,487167,101.2,207907,772173,207429,38.1,352582
16005,43519,43619,99.8,22544,64594,14558,33.6,34441
16055,79091,82414,96.0,36630,124875,37917,40.6,72500
17099,55242,54188,101.9,23327,86103,25442,41.9,50149
17113,84289,88539,95.2,37134,135694,29430,33.4,72676
17161,69273,74204,93.4,31980,111497,32798,40.4,66180
18011,33267,33732,98.6,17674,49325,10943,37.9,27548
18157,98987,94061,105.2,40134,152914,27375,28.2,76740
18177,31452,34484,91.2,14475,51461,15298,40.3,31442
19113,111575,114334,97.6,52580,173329,43613,37.8,98067
19193,51134,51405,99.5,26651,75888,19750,36.7,42434
21145,30816,34530,89.2,14253,51093,16568,42.8,32270
22073,74556,79919,93.3,39163,115312,28191,35.5,69035
23001,53089,54590,97.3,22257,85422,23377,41.9,50052
24003,285544,290487,98.3,127974,448057,106071,38.2,226432
26091,49510,48756,101.5,20655,77611,22416,41.3,43877
27013,33429,33998,98.3,13316,54111,11131,30.6,28815
27037,208780,216643,96.4,103633,321790,72585,38.2,168122
27123,268736,281474,95.5,128233,421977,97993,35.1,220680
28033,87944,94057,93.5,46708,135293,29642,37.4,68524
28047,101653,104997,96.8,49415,157235,36791,36.8,93896
28049,110488,126597,87.3,56752,180333,42128,35.1,104339
29097,59060,61576,95.9,30076,90560,22137,35.9,51798
29099,111579,112768,98.9,51654,172693,44783,39.7,91634
29183,196522,202660,97.0,92672,306510,77813,38.7,156335
29187,34634,32058,108.0,14116,52576,13428,40.2,30242
30029,51056,51050,100.0,22476,79630,25222,41.5,49088
33009,43749,46037,95.0,14376,75410,22053,42.7,53071
35001,333250,345451,96.5,147370,531331,134441,37.8,295208
36005,673951,758181,88.9,355049,1077083,227713,34.4,532509
36013,63814,64125,99.5,25570,102369,31011,42.4,67661
36015,40747,43507,93.7,17598,66656,19779,43.1,38924
36059,661642,696701,95.0,291228,1067115,293141,41.7,473454
36071,192029,189922,101.1,97252,284699,68651,36.9,144234
37019,65320,71424,91.5,20910,115834,53529,54.7,92284
37021,123775,135328,91.5,47576,211527,63828,42.5,126577
37067,180429,198670,90.8,86658,292441,73871,38.5,166941
37127,45889,48127,95.3,20421,73595,20780,41.8,43152
37133,108587,89096,121.9,48419,149264,21742,26.5,80259
37193,33260,35297,94.2,14044,54513,19222,45.4,33642
39025,100815,104651,96.3,47609,157857,41042,39.9,83786
39035,593150,650707,91.2,257827,986030,277520,40.4,617923
39041,101021,103805,97.3,54159,150667,34230,38.7,74534
39049,639445,670855,95.3,304644,1005656,199858,34.1,559933
39061,394206,422478,93.3,187275,629409,155321,36.6,380048
39103,89213,89933,99.2,40256,138890,39215,41.9,73043
39113,257229,275102,93.5,117544,414787,115249,39.2,254821
39165,117267,114906,102.1,56555,175618,41034,39.2,88444
40017,70792,73655,96.1,37771,106676,23730,35.7,48974
42029,257619,264427,97.4,118708,403338,107591,40.6,201344
42077,180300,187800,96.0,83219,284881,76489,38.5,146732
42097,46104,44979,102.5,17800,73283,23312,44.6,45471
45045,250343,263870,94.9,118030,396183,98965,38.4,214115
45063,142817,152215,93.8,68466,226566,58015,39.0,126223
46103,56411,55318,102.0,25304,86425,26537,40.1,49249
47011,52403,54324,96.5,23230,83497,22053,40.1,44157
47059,33947,35140,96.6,13063,56024,17813,44.5,32690
47119,46156,48184,95.8,22116,72224,17790,38.6,38352
47189,69200,71425,96.9,33657,106968,27335,40.5,55159
48021,44143,42833,103.1,22094,64882,16019,38.1,30175
48037,47223,47101,100.3,22688,71636,18667,37.5,40038
48041,115417,111341,103.7,46903,179855,26144,26.9,92697
48141,414919,425839,97.4,228101,612657,129028,32.5,299672
48203,32233,34493,93.4,16892,49834,14165,37.9,28731
48209,111088,111543,99.6,49928,172703,30584,32.0,81999
48355,179696,182569,98.4,88910,273355,65248,35.7,149961
49053,84845,86855,97.7,44725,126975,42654,38.2,71349
51003,51711,57007,90.7,21527,87191,24655,38.6,46081
51041,168655,179901,93.7,82720,265836,66985,39.0,132362
51059,570773,580022,98.4,269098,881697,192935,38.0,415485
51680,38123,44003,86.6,16004,66122,14941,28.4,32521
53005,99991,101886,98.1,53999,147878,37303,35.8,77373
53063,253650,260981,97.2,114053,400578,101789,37.8,219873
53073,111469,114216,97.6,44119,181566,48350,37.2,97867
55097,35628,35314,100.9,13929,57013,14460,37.1,31129
55131,67090,68603,97.8,29755,105938,30638,43.3,57201
1015,55054,59223,93.0,24484,89793,24963,40.1,53888
1055,48830,53671,91.0,22032,80469,24397,41.3,47847
1081,80832,83109,97.3,34795,129146,25145,32.1,70372
2020,148668,142870,104.1,71338,220200,40483,34.3,118233
2090,53397,45574,117.2,23858,75113,13404,31.7,44307
5085,36199,37458,96.6,19045,54612,12028,36.8,29747
6001,820179,846574,96.9,342511,1324242,286760,37.6,615129
6033,31318,33064,94.7,13510,50872,17946,44.0,34751
6075,450985,432320,104.3,118684,764621,167289,38.3,401478
6097,243952,255990,95.3,98257,401685,118728,42.4,205247
6113,107008,113400,94.4,46898,173510,33631,31.1,78527
8005,323168,328047,98.5,152661,498554,107357,36.9,254250
8031,358836,357656,100.3,139699,576793,103977,34.6,330884
8123,158125,156180,101.2,82497,231808,49829,34.6,112472
9013,75123,75798,99.1,26203,124718,30641,36.7,60041
10005,111003,118283,93.8,42252,187034,77006,50.6,141092
11001,334208,368247,90.8,127214,575241,104885,33.9,319579
12017,72104,75825,95.1,21949,125980,63023,57.2,79988
12109,124435,129826,95.8,54889,199372,63166,44.3,110837
13031,38232,39064,97.9,14940,62356,11447,28.1,31413
13045,58237,59884,97.2,28077,90044,20657,34.9,45537
13067,366941,389924,94.1,178195,578670,117308,36.7,302644
13115,46055,51872,88.8,22625,75302,20975,38.4,40639
13139,100325,101823,98.5,51279,150869,36086,36.8,74431
13217,52294,57247,91.3,28413,81128,17807,36.8,39691
16083,43370,42711,101.5,23536,62545,15958,35.3,33711
17031,2516466,2664027,94.5,1129672,4050821,940839,37.0,2200296
17115,50279,54433,92.4,23097,81615,25870,40.9,50405
17143,87818,92803,94.6,42559,138062,38411,38.0,83650
18059,37401,38950,96.0,17780,58571,14743,38.8,30586
18067,39675,42691,92.9,18632,63734,18961,42.1,39559
18085,39626,39718,99.8,18892,60452,16859,38.5,38744
18163,88305,92669,95.3,39195,141779,37896,38.6,84494
18167,54555,52831,103.3,21693,85693,21054,36.3,47525
21037,45006,48146,93.5,19403,73749,17875,38.5,40545
21047,37000,34671,106.7,19005,52666,10875,28.2,30004
22019,98084,105028,93.4,50285,152827,39644,36.2,92041
22033,210721,230235,91.5,100180,340776,78941,34.2,195199
22097,40269,42495,94.8,22260,60504,16278,37.0,36932
22105,65151,68626,94.9,32871,100906,23228,36.3,56367
24013,83560,84869,98.5,36578,131851,35162,42.1,63725
24045,48745,54450,89.5,22715,80480,19341,35.5,42469
25003,61499,64849,94.8,21564,104784,36854,47.3,69393
25011,34401,36562,94.1,12746,58217,20054,46.7,34164
25013,227450,242956,93.6,101138,369268,96801,39.1,193880
25023,252706,265426,95.2,110245,407887,115888,43.0,208087
25027,409838,421001,97.3,174421,656418,164086,40.0,336474
26065,142463,150272,94.8,58406,234329,50376,32.1,124135
26155,33604,34588,97.2,14566,53626,15484,42.7,30272
27139,72552,74829,97.0,40100,107281,21085,37.0,51942
29043,42661,44322,96.3,23133,63850,16644,38.2,34792
29047,120169,126196,95.2,59577,186788,44101,37.3,98914
30049,33854,34846,97.2,14986,53714,15589,40.8,31784
30063,59085,59706,99.0,22121,96670,22538,36.3,54922
30111,78902,81235,97.1,37615,122522,32979,37.9,72400
34019,62020,62694,98.9,24239,100475,27779,46.6,50454
35025,35698,33913,105.3,20628,48983,9119,32.2,26765
36045,58729,53026,110.8,26799,84956,19263,33.0,60041
36063,102743,107690,95.4,42063,168370,50320,43.7,100617
36079,49528,49364,100.3,19590,79302,21756,43.7,38679
36087,160230,165465,96.8,91712,233983,63686,35.9,106723
36105,38858,36640,106.1,16002,59496,17853,42.7,50941
37037,35221,37918,92.9,14993,58146,21081,46.9,33007
37049,52488,50424,104.1,23254,79658,24112,38.4,47453
37085,66838,67376,99.2,34930,99284,21013,34.9,52561
37151,70559,72792,96.9,32132,111219,31289,40.7,62628
37195,37267,44188,84.3,18683,62772,17391,40.7,36316
39007,49312,48181,102.3,21423,76070,23383,43.1,46198
39013,34519,32986,104.6,13271,54234,17437,45.1,32159
39063,37308,38622,96.6,16770,59160,15532,39.6,34372
39141,40171,36760,109.3,16140,60791,16755,41.5,32070
39151,180157,191417,94.1,79683,291891,87234,42.0,166991
39157,44815,47361,94.6,21059,71117,22610,41.0,40234
40031,62558,57864,108.1,28335,92087,18690,33.3,51688
40109,388210,404372,96.0,203376,589206,133260,34.8,341548
40125,34613,38066,90.9,17153,55526,14488,37.5,29998
42005,32871,32392,101.5,12342,52921,17199,46.6,32785
42013,59228,63264,93.6,24260,98232,29958,44.0,56957
42039,41603,43460,95.7,17737,67326,21576,43.2,44946
42051,64372,66069,97.4,24914,105527,34122,45.1,63950
45091,132457,141661,93.5,66497,207621,47650,39.0,110226
47113,46509,51096,91.0,21894,75711,20749,38.7,43382
48027,177081,178561,99.2,98693,256949,47833,30.9,142436
48061,206053,217855,94.6,128762,295146,68090,32.4,152374
48139,88519,90917,97.4,47748,131688,27842,36.5,63506
48201,2334547,2364072,98.8,1251684,3446935,633301,33.7,1788357
48245,130211,124790,104.3,61335,193666,46086,36.3,108771
48291,43214,43109,100.2,22869,63454,13900,35.3,31734
48303,151863,155549,97.6,73119,234293,46595,31.1,129669
48441,66929,70711,94.7,34211,103429,24196,33.4,57793
48471,40366,32114,125.7,10927,61553,11731,37.2,26408
48479,135706,140204,96.8,90659,185251,32013,29.0,84466
49057,128298,128061,100.2,72520,183839,37157,33.2,93205
50007,80265,84307,95.2,29165,135407,32693,36.0,70359
51095,35319,41078,86.0,15497,60900,23013,46.8,33765
51161,45242,48831,92.7,18850,75223,22858,43.4,41020
51165,39572,41672,95.0,17790,63454,18832,41.1,35844
51700,87141,91485,95.3,41278,137348,29109,33.8,78028
51710,127098,116978,108.7,47774,196302,35063,30.7,98218
51740,46138,48494,95.1,21850,72782,16684,35.3,40887
51810,221277,228912,96.7,99439,350750,79425,36.5,186134
53007,38586,38450,100.4,18053,58983,17156,39.2,38075
54003,59048,58075,101.7,27231,89892,22737,39.4,49425
54107,40763,43440,93.8,17812,66391,20035,43.4,40294
55059,84207,85083,99.0,38585,130705,29519,38.8,70646
55073,67784,67644,100.2,30847,104581,29072,40.6,59706
56025,39805,39310,101.3,18914,60201,15219,37.2,37181
1069,50400,54322,92.8,24121,80601,22958,40.2,47805
1095,47238,48871,96.7,23959,72150,19929,39.0,40812
1101,106613,119150,89.5,52623,173140,41558,37.2,105170
4017,55015,55430,99.3,29343,81102,23563,38.5,58164
5031,53182,55376,96.0,27150,81408,18586,34.0,46254
6071,1081214,1090389,99.2,572279,1599324,313895,33.6,725921
6073,1682808,1660556,101.3,722408,2620956,582355,36.1,1224390
6077,374647,378013,99.1,204316,548344,121700,34.5,245561
6083,223408,223119,100.1,99331,347196,82955,34.0,158315
6107,234322,231539,101.2,142990,322871,66605,31.4,150217
8077,74894,78313,95.6,33709,119498,34854,41.0,67215
9003,434366,458331,94.8,187303,705394,187468,40.3,380441
9015,56804,60223,94.3,22740,94287,23862,41.0,49828
12005,91852,93435,98.3,39688,145599,38857,39.6,104325
12011,950854,1000406,95.0,412226,1539034,395180,40.4,826949
12021,185300,193188,95.9,64531,313957,139368,51.6,218279
12033,156997,158537,99.0,65783,249751,65633,38.1,142454
12086,1339698,1421883,94.2,558719,2202862,538252,40.1,1032000
13015,52149,54259,96.1,25274,81134,18879,38.3,41529
18039,101432,104128,97.4,56622,148938,36631,35.5,79495
18097,459149,495521,92.7,235211,719459,150319,34.5,424396
18109,34971,35145,99.5,16262,53854,14508,41.4,28476
19049,44132,46048,95.8,25588,64592,12645,35.0,38276
20015,33796,32969,102.5,16767,49998,13164,38.8,27082
20045,59910,61526,97.4,21734,99702,18846,30.2,51068
20103,43315,38037,113.9,19719,61633,15296,38.6,29998
20161,38718,34985,110.7,12188,61515,8492,25.0,31340
20177,86456,91043,95.0,41948,135551,40744,39.3,80187
21067,158158,165622,95.5,67494,256286,54333,34.9,142688
22017,114771,128151,89.6,57735,185187,50596,38.0,113387
22063,68578,70989,96.6,35705,103862,23796,37.1,58285
22079,63788,66774,95.5,32043,98519,26497,37.5,58400
23011,59257,62826,94.3,23001,99082,31132,44.4,62913
25015,75097,86258,87.1,23568,137787,34026,37.6,64058
26037,39134,40198,97.4,17755,61577,17266,40.0,31967
26049,195968,210924,92.9,91553,315339,86808,40.9,192614
26087,44782,43246,103.6,18300,69728,20202,44.7,36804
26145,93393,97407,95.9,40848,149952,44876,40.9,87810
26147,79580,79757,99.8,33130,126207,38085,44.3,72380
27171,69510,66839,104.0,37831,98518,21730,37.8,52464
28059,71037,72240,98.3,33631,109646,27312,39.0,62727
29031,38155,40598,94.0,17037,61716,15548,36.0,34210
29095,338175,362132,93.4,165105,535202,130544,36.7,325973
30013,41630,40013,104.0,17900,63743,19261,37.7,39037
32003,1112618,1119029,99.4,517629,1714018,404922,37.6,913385
36001,149679,157438,95.1,56517,250600,65011,37.9,142306
36007,93150,98509,94.6,36745,154914,43959,40.2,91258
36019,42358,38337,110.5,14181,66514,16420,39.5,36732
36027,146156,147562,99.0,55347,238371,64558,42.5,121187
36029,444847,474872,93.7,186092,733627,202755,40.3,429704
36051,32028,31199,102.7,11279,51948,14244,42.3,27616
36061,770362,858339,89.8,232979,1395722,321233,37.6,886282
36091,113339,116824,97.0,46199,183964,48607,42.8,107379
36103,729779,751314,97.1,313018,1168075,307579,41.8,576845
37001,78955,87481,90.3,36955,129481,34378,39.8,71655
37023,45015,45367,99.2,17172,73210,22421,44.4,41316
37035,76611,82041,93.4,35042,123610,34702,41.3,69249
37045,46759,50886,91.9,21657,75988,22441,42.0,43673
37101,98113,104562,93.8,51796,150879,35095,38.0,77354
37125,48150,50532,95.3,20853,77829,28684,45.5,47931
37135,66535,79492,83.7,28863,117164,26364,35.6,59198
37179,115848,120060,96.5,63641,172267,37400,37.9,82559
38035,37447,33323,112.4,14928,55842,10942,30.3,33393
39009,33319,32499,102.5,9575,56243,10990,30.1,26681
39017,188087,194291,96.8,90001,292377,70748,37.3,152725
39023,65014,69571,93.4,30121,104464,31705,41.5,61307
39099,113227,116415,97.3,46144,183498,59908,43.3,111318
39109,52551,53671,97.9,24786,81436,25769,42.0,44352
39145,37439,38063,98.4,16503,58999,16325,40.3,34514
40027,140148,141521,99.0,60611,221058,45186,34.3,116901
40101,33349,35013,95.2,16640,51722,13656,38.4,30967
41005,205716,210359,97.8,89564,326511,90749,41.4,169238
41017,95592,96404,99.2,39129,152867,49058,43.2,91040
41035,33719,33934,99.4,14986,52667,17303,41.8,33682
42033,41645,37743,110.3,14681,64707,19297,45.2,39267
42101,750017,834121,89.9,344091,1240047,268427,34.5,688846
45019,196418,209487,93.8,79975,325930,80400,38.2,191893
45047,32504,38237,85.0,15422,55319,15187,40.7,31550
45051,166682,177465,93.9,61592,282555,100309,46.3,210700
45057,45837,49543,92.5,21139,74241,22899,41.9,38541
45077,63006,61931,101.7,23642,101295,23956,36.7,55067
47009,63586,67763,93.8,27124,104225,32575,43.7,58673
47093,225264,240025,93.9,97541,367748,89141,37.4,206056
47141,38688,40155,96.3,16043,62800,16000,36.8,34977
47163,76241,81427,93.6,30788,126880,42987,45.2,75724
48121,422997,436067,97.0,211996,647068,110770,35.8,319979
48257,62516,66106,94.6,35781,92841,20414,35.2,42483
48375,61240,58408,104.8,32795,86853,16910,34.0,50176
48381,67280,68991,97.5,32494,103777,25180,36.1,55241
48453,630777,617966,102.1,270535,978208,157121,34.5,527786
49011,177411,174302,101.8,112973,238740,46080,31.4,110428
51013,119798,117723,101.8,43013,194508,32175,34.7,116543
51061,34514,36161,95.4,16608,54067,14766,40.6,27150
53027,37073,36828,100.7,15099,58802,19386,44.5,36434
55071,39951,39123,102.1,16065,63009,19759,45.2,37578
55139,86310,84710,101.9,34900,136120,33963,38.8,76015
72031,67442,80219,84.1,26204,121457,39412,44.0,76568
72127,146687,174280,84.2,55776,265191,85407,44.2,190579
72139,30372,33374,91.0,11953,51793,14539,40.6,29294
72013,39195,42919,91.3,14800,67314,20940,43.0,41064
72097,34359,37627,91.3,12186,59800,20746,42.6,39901
1051,39988,41899,95.4,18562,63325,15329,38.4,34416
1097,197009,216748,90.9,96777,316980,80413,38.1,184687
1115,44933,43757,102.7,20437,68253,18725,40.4,37190
4003,64995,61775,105.2,27247,99523,34210,41.0,61318
4005,70521,72333,97.5,29455,113399,22956,30.8,66838
5045,60576,64230,94.3,28872,95934,19812,32.9,50520
5131,63266,64487,98.1,30526,97227,24056,38.6,57229
6013,562983,587232,95.9,259788,890427,222905,40.0,415955
6019,495950,498450,99.5,281820,712580,148527,32.5,333809
6023,68722,67651,101.6,26135,110238,30861,38.5,63308
6039,76573,81099,94.4,43123,114549,27048,34.3,50971
6055,69694,69723,100.0,28904,110513,32026,41.1,55465
8013,163621,162457,100.7,62140,263938,58643,36.6,137465
8041,360752,353104,102.2,172062,541794,114214,34.3,275393
8059,288616,291617,99.0,114518,465715,118125,40.3,243016
12019,108064,108008,100.1,50354,165718,43022,39.6,81807
12031,459916,490265,93.8,214790,735391,166771,36.3,412591
12055,50863,54561,93.2,18396,87028,41736,53.2,55760
12073,138408,154094,89.8,54454,238048,48577,31.3,131203
12103,467767,507513,92.2,157685,817595,287552,48.5,510120
12131,34634,36741,94.3,14377,56998,17904,44.4,53376
13051,139000,150195,92.5,61165,228030,52986,36.0,125687
13063,135117,154498,87.5,80557,209058,34816,32.4,105874
13113,55380,58079,95.4,26094,87365,24874,43.5,43032
13223,79993,84051,95.2,43620,120424,20770,35.9,58043
13255,31881,34219,93.2,15812,50288,14325,39.8,27580
15009,82282,84936,96.9,36038,131180,38045,41.1,73786
17043,456716,471873,96.8,210579,718010,180086,39.5,361414
17089,266324,267892,99.4,135996,398220,89754,37.7,189475
17093,62401,65514,95.2,36412,91503,17027,35.2,42209
18003,184016,191335,96.2,96408,278943,66621,36.1,159269
18089,234684,249727,94.0,113030,371381,100700,39.1,213773
21059,49475,51629,95.8,24701,76403,20692,38.0,43375
21185,34749,31721,109.5,17124,49346,10814,39.2,22293
22005,61257,63415,96.6,33250,91422,18429,35.8,48685
23005,142838,150719,94.8,54503,239054,67396,42.1,145725
25009,381869,408769,93.4,168346,622292,166222,41.1,313969
26017,51291,52632,97.5,21083,82840,25790,43.3,48345
26159,37805,37643,100.4,17288,58160,17711,42.2,37379
26161,184270,186693,98.7,68935,302028,63599,33.6,151576
26163,844941,908952,93.0,414230,1339663,338541,38.1,815884
28089,50119,55511,90.3,26401,79229,17907,37.3,44040
29021,45106,43465,103.8,19704,68867,19089,39.2,38800
29077,140932,150991,93.3,60958,230965,58117,36.6,134555
29165,50777,52208,97.3,24332,78653,18447,38.1,42374
32031,234654,231081,101.5,100775,364960,97240,38.4,201065
33013,74012,77120,96.0,28595,122537,34180,43.4,65246
33015,152965,156211,97.9,60249,248927,69121,44.8,133207
34015,140687,150721,93.3,63477,227931,56546,40.8,113907
34029,290185,311466,93.2,143989,457662,160867,42.7,284918
34039,272272,285795,95.3,130521,427546,99459,38.8,202668
35031,34525,37765,91.4,20836,51454,11833,32.3,26344
36009,38067,38773,98.2,16725,60115,18474,42.4,41648
36011,39764,37381,106.4,15264,61881,17475,42.4,37162
36047,1223278,1359552,90.0,588823,1994007,441486,35.4,1053667
36053,34819,35976,96.8,13477,57318,16439,42.4,32391
36055,358147,384327,93.2,154216,588258,160356,39.2,329236
36109,51465,51328,100.3,15467,87326,19140,30.8,43883
37027,41480,40549,102.3,16489,65540,19227,43.7,38062
37063,151423,165316,91.6,65685,251054,52806,35.6,138960
37089,56330,60418,93.2,22053,94695,34899,48.3,58099
37159,71297,69965,101.9,31435,109827,30220,40.3,61973
37191,60885,62363,97.6,29155,94093,25572,38.5,54467
39029,51589,51076,101.0,20872,81793,25566,44.4,46848
39045,77951,77831,100.2,37178,118604,29966,39.9,61550
39057,82995,85000,97.6,34891,133104,35219,37.9,70856
39139,60963,60136,101.4,25845,95254,28400,41.5,54173
41003,46488,45613,101.9,14770,77331,17709,33.2,38442
41033,43294,44099,98.2,16840,70553,26788,47.9,39354
41059,39788,37728,105.5,19889,57627,13813,37.2,30681
41067,296224,301471,98.3,136616,461079,101004,36.9,232449
42007,80056,84686,94.5,31834,132908,42645,45.6,79662
42025,31550,32677,96.6,12232,51995,15975,46.9,34820
42037,31765,33691,94.3,11380,54076,15441,41.0,30320
42045,272087,292664,93.0,123763,440988,113729,39.0,224876
42069,101590,109203,93.0,43178,167615,50191,42.1,100707
42073,41919,44265,94.7,16795,69389,22805,45.5,41321
45003,83093,86308,96.3,36664,132737,39382,41.3,77687
45031,33149,33653,98.5,14925,51877,16720,41.1,30875
45041,63556,74603,85.2,32696,105463,28290,38.3,61109
45079,200692,213884,93.8,88465,326111,66753,33.5,175056
47157,445278,490486,90.8,233189,702575,165423,36.0,406236
48005,42997,44095,97.5,22101,64991,17440,38.9,36995
48157,386679,401179,96.4,215824,572034,114558,36.6,260764
48181,65122,68869,94.6,31346,102645,28131,40.1,56735
48213,38865,43434,89.5,17675,64624,22179,43.1,41483
48451,59451,58738,101.2,28181,90008,21973,33.9,48619
49035,577402,575231,100.4,312887,839746,158750,32.9,403687
51019,38605,40142,96.2,15719,63028,20729,46.3,37001
51177,66295,67943,97.6,33189,101049,24781,37.4,48147
53021,48874,45473,107.5,30919,63428,11826,30.3,28659
53025,49789,47542,104.7,28290,69041,18097,33.4,37969
53057,63062,65144,96.8,27977,100229,32008,41.4,54451
53067,139657,146762,95.2,61381,225038,60442,38.8,117860
54039,87033,93421,93.2,35252,145202,46861,44.0,92334
55025,268975,273389,98.4,110871,431493,91293,35.3,236932
55109,44329,45365,97.7,22503,67191,15332,39.7,36308
1003,105437,112585,93.7,47156,170866,53676,44.0,116632
1077,45646,46741,97.7,17876,74511,22017,41.1,45468
1083,49198,46976,104.7,22441,73733,17622,38.8,36535
5051,47098,52056,90.5,19787,79367,28063,44.6,51025
5125,59537,61884,96.2,28207,93214,25563,39.2,49326
8069,174084,176434,98.7,68998,281520,67584,36.4,151840
12001,131429,138527,94.9,48712,221244,46052,31.7,118966
12015,90140,94858,95.0,22207,162791,85186,59.8,105164
12057,702808,734080,95.7,323828,1113060,253118,37.1,590847
12069,171434,185061,92.6,68110,288385,109322,47.3,160472
12083,171353,188624,90.8,65788,294189,120229,49.1,170513
12091,104314,102955,101.3,46397,160872,40735,36.8,97971
12097,179155,188835,94.9,89970,278020,58414,35.7,153495
12117,225955,241877,93.4,98391,369441,88933,39.2,192255
12127,267254,280284,95.4,96391,451147,157034,46.6,262107
13059,61122,66208,92.3,21439,105891,18683,28.2,53144
13073,75105,79186,94.8,39146,115145,25754,36.2,58740
13095,42037,49206,85.4,21221,70022,16467,35.0,40590
13151,109288,120932,90.4,58951,171269,33098,37.6,82826
13153,77540,77929,99.5,38789,116680,22893,36.1,63959
13313,51621,52441,98.4,27387,76675,17912,37.0,40145
16019,58838,58016,101.4,36116,80738,18536,33.4,43773
17119,129143,135318,95.4,57464,206997,55872,40.1,119625
17183,38315,38491,99.5,18046,58760,17802,40.4,36125
17197,343985,348325,98.8,171783,520527,112536,38.1,245197
18043,37644,40137,93.8,17558,60223,15636,39.5,33022
18105,72119,74798,96.4,22965,123952,22730,29.4,62067
18141,131804,138967,94.8,64262,206509,53125,37.0,117089
19163,85093,88190,96.5,41322,131961,34322,38.3,74655
19169,50223,47882,104.9,16321,81784,13598,26.4,40766
21093,55818,54538,102.3,27112,83244,19360,36.6,47058
22071,185255,205751,90.0,78124,312882,72993,37.3,191620
22109,53314,57707,92.4,28293,82728,20401,36.1,45709
23003,32867,34244,96.0,12567,54544,20089,48.5,39986
23019,75100,75996,98.8,26744,124352,33882,42.2,76144
24005,392736,435695,90.1,178822,649609,176888,39.5,337245
24015,50795,52031,97.6,23118,79708,21866,41.3,42674
24037,55523,57141,97.2,27201,85463,18702,37.5,45998
24043,77920,73006,106.7,32970,117956,31559,39.6,61621
25001,101183,112230,90.2,32580,180833,77074,53.8,164329
25021,338835,366553,92.4,147526,557862,146246,40.7,280289
26111,40637,42572,95.5,18229,64980,19060,41.8,37115
26115,74423,76016,97.9,32182,118257,33635,42.5,64803
26125,616837,642364,96.0,264031,995170,262825,40.8,542836
27145,80139,79117,101.3,36702,122554,29454,34.9,65280
27163,128302,130899,98.0,63648,195553,48279,39.6,99481
34001,129633,135796,95.5,56422,209007,58152,41.9,128408
34023,409784,419901,97.6,179932,649753,152996,38.7,302255
34027,241619,252609,95.6,104082,390146,105001,42.7,194256
34033,30819,31788,97.0,13607,49000,14388,41.6,27608
34035,161936,169228,95.7,72516,258648,66837,41.7,127016
34037,70186,70613,99.4,28019,112780,30069,44.6,62472
35005,32254,32435,99.4,16484,48205,13095,36.9,27428
35013,106963,110559,96.7,52231,165291,42862,33.6,89060
35061,39134,37322,104.9,17895,58561,17077,39.7,31409
36065,113987,115590,98.6,48649,180928,52222,41.0,105447
36075,59222,58676,100.9,24424,93474,23360,39.4,54624
36081,1105577,1173329,94.2,458368,1820538,435146,39.2,865809
36085,230765,245414,94.0,104037,372142,98085,40.1,181186
36101,48423,47373,102.2,20389,75407,22620,42.9,49684
36119,468837,498775,94.0,211845,755767,200656,40.9,375864
37097,87384,91051,96.0,41060,137375,34649,40.0,75611
37109,41363,42407,97.5,17649,66121,17293,44.7,36768
37147,83813,96101,87.2,38427,141487,30303,32.2,80244
38017,93155,88361,105.4,40853,140663,27616,32.4,83903
38101,36023,31721,113.6,15949,51795,10422,31.4,33203
39101,34660,30596,113.3,13958,51298,13776,41.3,27907
39173,64457,66239,97.3,26382,104314,24792,35.2,54092
41051,402662,409218,98.4,152900,658980,134840,37.6,353878
41071,52963,54039,98.0,23716,83286,21878,38.5,39394
42003,588659,629793,93.5,227749,990703,282762,40.5,602410
42011,205971,214181,96.2,93630,326522,87689,40.2,167383
42021,65065,66665,97.6,25226,106504,35865,45.9,66035
42071,265726,277831,95.6,127711,415846,119696,38.7,212243
42107,73336,68731,106.7,28190,113877,35236,44.6,69918
42129,171859,178752,96.1,64119,286492,97526,47.4,170772
45035,78351,82296,95.2,39214,121433,26993,37.4,61654
45083,151082,162806,92.8,72372,241516,60765,38.0,131448
47155,48788,49104,99.4,20174,77718,22611,43.0,58279
48099,37030,37778,98.0,17218,57590,9185,32.9,26850
48231,47884,48609,98.5,23048,73445,19461,38.8,38087
48339,294399,296526,99.3,155734,435191,95049,37.5,222600
48367,68668,69703,98.5,34227,104144,26685,39.5,50820
48485,67373,64691,104.1,29552,102512,23973,34.5,56007
51015,38441,37016,103.8,14362,61095,19348,45.3,32723
51087,156568,172693,90.7,74468,254793,64607,39.3,138176
51121,51636,47349,109.1,14304,84681,15452,28.4,40710
51550,118384,124250,95.3,58199,184435,39643,37.1,91783
51650,64444,69869,92.2,27543,106770,24932,36.6,60096
51760,107729,121054,89.0,39707,189076,38011,34.0,101081
51770,47479,52441,90.5,22229,77691,20920,38.1,47009
53029,42186,42274,99.8,14684,69776,24801,44.2,42274
54011,44918,48306,93.0,18444,74780,20062,38.3,46324
55027,45847,42000,109.2,17381,70466,18868,43.0,37912
55035,52101,52433,99.4,20982,83552,20247,34.5,44400
55039,50550,52516,96.3,22030,81036,23221,41.3,45361
55063,57208,61022,93.7,23383,94847,23813,36.5,50573
55141,36342,36713,99.0,15666,57389,18315,43.9,35186
72061,40174,43613,92.1,13345,70442,22276,45.7,40082
1049,35048,36337,96.5,17145,54240,15204,39.5,31656
1073,312159,347141,89.9,149547,509753,131563,38.2,309579
4013,2181974,2228850,97.9,1052785,3358039,815127,36.6,1762981
4025,113011,118982,95.0,37293,194700,87115,54.4,118410
5069,33440,34674,96.4,14884,53230,14620,40.1,33382
5145,38110,40617,93.8,18295,60432,14390,36.9,33954
6007,113736,117520,96.8,46212,185044,52348,37.5,100038
6017,94527,96151,98.3,38012,152666,51075,46.6,91094
6025,93655,88172,106.2,50831,130996,27640,33.1,57893
6029,459769,436995,105.2,258952,637812,125407,32.0,300423
6041,127299,132367,96.2,51861,207805,70374,47.4,113175
6047,138520,136245,101.7,80340,194425,38211,31.4,85766
6079,143754,140256,102.5,49675,234335,70096,39.6,122971
6081,381684,387861,98.4,158477,611068,152539,39.9,279468
8014,34710,34557,100.4,15867,53400,11698,37.5,28935
9011,133585,133199,100.3,51733,215051,59891,42.4,123618
12009,289611,307238,94.3,109627,487222,169932,47.2,280390
12035,53523,58544,91.4,19130,92937,40309,51.8,52534
12071,369892,384718,96.1,132674,621936,247414,48.8,399741
12105,347083,360926,96.2,156486,551523,167462,40.2,299432
17019,105260,104723,100.5,39285,170698,34061,30.3,93407
17091,54768,55256,99.1,25195,84829,23004,37.5,45644
17167,94821,100527,94.3,43207,152141,43701,40.7,91928
17201,138909,145172,95.7,66289,217792,60932,39.5,125731
18005,41162,41591,99.0,19690,63063,16203,37.2,34532
18057,160882,169204,95.1,89053,241033,51904,37.7,129530
19153,240482,246722,97.5,121315,365889,79142,35.8,204626
20209,81865,83459,98.1,46120,119204,25518,34.3,68301
21029,40530,40539,100.0,17244,63825,16619,40.8,31948
21111,372347,398170,93.5,170794,599723,153452,38.6,347119
21151,45221,47147,95.9,18481,73887,15599,34.5,37060
22015,62135,65050,95.5,31590,95595,22222,35.4,57836
22045,34109,36832,92.6,18154,52787,12904,37.4,30735
22103,126257,131854,95.8,61900,196211,53337,40.8,104838
24001,37941,33034,114.9,12257,58718,16775,42.3,32830
24009,46221,45782,101.0,21300,70703,17160,40.4,35420
24025,124169,129787,95.7,56172,197784,52075,40.9,100963
25005,273114,290908,93.9,116098,447924,118849,40.9,236308
26021,75406,78735,95.8,33571,120570,37757,42.1,77645
26025,66126,68361,96.7,30702,103785,28945,40.4,60879
26073,34312,36250,94.7,11806,58756,11738,29.0,29272
26093,95923,95301,100.7,40751,150473,42355,44.0,77018
26103,33223,33293,99.8,12450,54066,15814,39.0,34937
28035,36931,38105,96.9,17556,57480,13101,33.1,33218
29019,87634,92371,94.9,36539,143466,27949,30.4,78945
30031,57812,54064,106.9,22863,89013,18026,33.8,51000
34003,454629,482063,94.3,198333,738359,196061,42.0,359241
34025,302643,318711,95.0,131726,489628,135313,43.6,262157
34031,245652,257658,95.3,119860,383450,90899,37.4,177277
34041,52001,53778,96.7,20785,84994,23851,44.8,45558
35043,71165,74014,96.2,33582,111597,31385,40.9,57318
36093,76212,79138,96.3,33337,122013,33627,39.8,69948
37031,34225,35299,97.0,12343,57181,21241,48.9,50719
37119,526422,567479,92.8,257714,836187,155387,35.2,454104
37155,64164,67667,94.8,32772,99059,25707,36.9,53186
37157,43957,46733,94.1,18386,72304,23498,44.3,44290
39003,52122,50541,103.1,23083,79580,22086,40.0,45192
39043,36773,37842,97.2,15144,59471,18744,44.8,37907
39055,46724,47307,98.8,21318,72713,23307,44.9,37335
39119,42143,44040,95.7,19683,66500,18550,40.9,37948
39133,79341,83586,94.9,29604,133323,33688,39.1,69335
39155,96599,102028,94.7,40677,157950,51637,44.6,95669
40145,39632,40478,97.9,19503,60607,16142,39.3,32881
41043,62661,64674,96.9,27940,99395,29575,39.8,50891
41047,174987,171881,101.8,85970,260898,68244,36.8,127325
41053,40945,44289,92.4,19235,65999,18471,37.4,32511
42017,308124,320071,96.3,128214,499981,144104,44.0,251507
42019,93038,94850,98.1,37515,150373,44600,43.7,84242
42027,85370,77435,110.2,24527,138278,28061,31.6,67155
42043,134626,142471,94.5,62354,214743,58804,40.0,124803
42049,133664,138397,96.6,58107,213954,60370,40.0,121615
42079,156745,160901,97.4,62768,254878,76476,43.2,150280
42089,83749,85758,97.7,33486,136021,36987,42.5,81664
42095,149975,154832,96.9,60924,243883,69254,42.4,123428
42125,101092,106254,95.1,40241,167105,51951,44.3,96225
44005,41380,41162,100.5,13595,68947,22920,45.7,42682
44009,61384,64795,94.7,20408,105771,32156,45.0,64332
45055,32806,32786,100.1,15115,50477,14850,41.8,29375
45059,33066,33928,97.5,14560,52434,15745,41.5,31494
45073,38805,39569,98.1,15586,62788,22216,45.6,40812
45075,40963,45971,89.1,18752,68182,20137,39.4,42794
47001,36937,39545,93.4,16147,60335,18819,42.9,35020
48029,980600,1005449,97.5,508269,1477780,297466,33.8,700241
48091,73782,74591,98.9,33673,114700,33415,40.7,60949
48187,81228,82466,98.5,41020,122674,27358,37.0,60138
48215,425393,440546,96.6,281292,584647,117037,29.5,281655
48329,86130,86448,99.6,49279,123299,23474,31.7,61872
48361,41520,42052,98.7,20803,62769,16703,38.4,37740
48497,34125,34180,99.8,16842,51463,13314,37.9,24925
51085,52446,54793,95.7,23714,83525,23245,42.8,41865
51107,201651,205199,98.3,114958,291892,47598,36.4,136509
53009,38390,38347,100.1,13075,63662,26223,50.6,37331
53035,138086,131719,104.8,55256,214549,59085,39.2,113732
53061,407880,407021,100.2,184546,630355,139020,37.8,313822
55055,42442,42687,99.4,18054,67075,17349,42.1,36004
55079,459198,489003,93.9,227433,720768,163495,35.1,419585
55087,92975,94390,98.5,44127,143238,33751,38.2,77597
55101,97477,99107,98.4,45350,151234,39796,39.6,82908
72021,80211,90269,88.9,29655,140825,43714,43.5,82901
72113,63943,69248,92.3,25672,107519,35167,42.5,65299
72135,34421,36673,93.9,14081,57013,12265,40.1,26421
72137,34856,39767,87.7,14009,60614,17405,42.0,34796
