,deaths - 1/22/20,deaths - 1/23/20,deaths - 1/24/20,deaths - 1/25/20,deaths - 1/26/20,deaths - 1/27/20,deaths - 1/28/20,deaths - 1/29/20,deaths - 1/30/20,deaths - 1/31/20,deaths - 2/1/20,deaths - 2/2/20,deaths - 2/3/20,deaths - 2/4/20,deaths - 2/5/20,deaths - 2/6/20,deaths - 2/7/20,deaths - 2/8/20,deaths - 2/9/20,deaths - 2/10/20,deaths - 2/11/20,deaths - 2/12/20,deaths - 2/13/20,deaths - 2/14/20,deaths - 2/15/20,deaths - 2/16/20,deaths - 2/17/20,deaths - 2/18/20,deaths - 2/19/20,deaths - 2/20/20,deaths - 2/21/20,deaths - 2/22/20,deaths - 2/23/20,deaths - 2/24/20,deaths - 2/25/20,deaths - 2/26/20,deaths - 2/27/20,deaths - 2/28/20,deaths - 2/29/20,deaths - 3/1/20,deaths - 3/2/20,deaths - 3/3/20,deaths - 3/4/20,deaths - 3/5/20,deaths - 3/6/20,deaths - 3/7/20,deaths - 3/8/20,deaths - 3/9/20,deaths - 3/10/20,deaths - 3/11/20,deaths - 3/12/20,deaths - 3/13/20,deaths - 3/14/20,deaths - 3/15/20,deaths - 3/16/20,deaths - 3/17/20,deaths - 3/18/20,deaths - 3/19/20,deaths - 3/20/20,deaths - 3/21/20,deaths - 3/22/20,deaths - 3/23/20,deaths - 3/24/20,deaths - 3/25/20,deaths - 3/26/20,deaths - 3/27/20,deaths - 3/28/20,deaths - 3/29/20,deaths - 3/30/20,deaths - 3/31/20,deaths - 4/1/20,deaths - 4/2/20,deaths - 4/3/20,deaths - 4/4/20,deaths - 4/5/20,deaths - 4/6/20,deaths - 4/7/20,deaths - 4/8/20,deaths - 4/9/20,deaths - 4/10/20,deaths - 4/11/20,deaths - 4/12/20,deaths - 4/13/20,deaths - 4/14/20,deaths - 4/15/20,deaths - 4/16/20,deaths - 4/17/20,deaths - 4/18/20,deaths - 4/19/20,deaths - 4/20/20,deaths - 4/21/20,deaths - 4/22/20,deaths - 4/23/20,deaths - 4/24/20,deaths - 4/25/20,deaths - 4/26/20,deaths - 4/27/20,deaths - 4/28/20,deaths - 4/29/20,deaths - 4/30/20,deaths - 5/1/20,deaths - 5/2/20,deaths - 5/3/20,deaths - 5/4/20,deaths - 5/5/20,deaths - 5/6/20,deaths - 5/7/20,deaths - 5/8/20,deaths - 5/9/20,deaths - 5/10/20,deaths - 5/11/20,deaths - 5/12/20,deaths - 5/13/20,deaths - 5/14/20,deaths - 5/15/20,deaths - 5/16/20,deaths - 5/17/20,deaths - 5/18/20,deaths - 5/19/20,deaths - 5/20/20,deaths - 5/21/20,deaths - 5/22/20,deaths - 5/23/20,deaths - 5/24/20,deaths - 5/25/20,deaths - 5/26/20,deaths - 5/27/20,deaths - 5/28/20,deaths - 5/29/20,deaths - 5/30/20,deaths - 5/31/20,deaths - 6/1/20,deaths - 6/2/20,deaths - 6/3/20,deaths - 6/4/20,deaths - 6/5/20,deaths - 6/6/20,deaths - 6/7/20,deaths - 6/8/20,deaths - 6/9/20,deaths - 6/10/20,deaths - 6/11/20,deaths - 6/12/20,deaths - 6/13/20,deaths - 6/14/20,deaths - 6/15/20,deaths - 6/16/20,deaths - 6/17/20,deaths - 6/18/20,deaths - 6/19/20,deaths - 6/20/20,deaths - 6/21/20,deaths - 6/22/20,deaths - 6/23/20,deaths - 6/24/20,deaths - 6/25/20,deaths - 6/26/20,deaths - 6/27/20,deaths - 6/28/20,deaths - 6/29/20,deaths - 6/30/20,deaths - 7/1/20,deaths - 7/2/20,deaths - 7/3/20,deaths - 7/4/20,deaths - 7/5/20,deaths - 7/6/20,deaths - 7/7/20,deaths - 7/8/20,deaths - 7/9/20,deaths - 7/10/20,deaths - 7/11/20,deaths - 7/12/20,deaths - 7/13/20,deaths - 7/14/20,deaths - 7/15/20,deaths - 7/16/20,deaths - 7/17/20,deaths - 7/18/20,deaths - 7/19/20,deaths - 7/20/20,deaths - 7/21/20,deaths - 7/22/20,deaths - 7/23/20,deaths - 7/24/20,deaths - 7/25/20,deaths - 7/26/20,deaths - 7/27/20,deaths - 7/28/20,deaths - 7/29/20,deaths - 7/30/20,deaths - 7/31/20,deaths - 8/1/20,deaths - 8/2/20,deaths - 8/3/20,deaths - 8/4/20,deaths - 8/5/20,deaths - 8/6/20,deaths - 8/7/20,deaths - 8/8/20,deaths - 8/9/20,deaths - 8/10/20,deaths - 8/11/20,deaths - 8/12/20,deaths - 8/13/20,deaths - 8/14/20,deaths - 8/15/20,deaths - 8/16/20,deaths - 8/17/20,deaths - 8/18/20,deaths - 8/19/20,deaths - 8/20/20,deaths - 8/21/20,deaths - 8/22/20,deaths - 8/23/20,deaths - 8/24/20,deaths - 8/25/20,deaths - 8/26/20,deaths - 8/27/20,deaths - 8/28/20,deaths - 8/29/20,deaths - 8/30/20,deaths - 8/31/20,deaths - 9/1/20,deaths - 9/2/20,deaths - 9/3/20,deaths - 9/4/20,deaths - 9/5/20,deaths - 9/6/20,deaths - 9/7/20,deaths - 9/8/20,deaths - 9/9/20,deaths - 9/10/20,deaths - 9/11/20,deaths - 9/12/20,deaths - 9/13/20,deaths - 9/14/20,deaths - 9/15/20,deaths - 9/16/20
AK,0,0,0,0,0,0,0,0,0,0,0,0,0,0,0,0,0,0,0,0,0,0,0,0,0,0,0,0,0,0,0,0,0,0,0,0,0,0,0,0,0,0,0,0,0,0,0,0,0,0,0,0,0,0,0,0,0,0,0,0,0,0,0,0,0,1,0,1,0,0,0,0,0,2,2,0,0,1,0,0,1,0,0,1,0,0,0,0,0,0,0,0,0,0,0,0,0,0,0,0,0,0,0,0,0,1,0,0,0,0,0,0,0,0,0,0,0,0,0,0,0,0,0,0,0,0,0,0,0,0,0,0,0,0,0,0,0,0,0,1,0,0,1,0,0,0,0,0,0,0,0,0,0,0,0,0,0,0,0,0,0,0,0,0,0,0,0,0,0,0,0,0,0,0,4,0,0,0,1,0,0,0,1,0,0,1,0,1,0,1,1,0,2,0,1,0,0,0,0,1,0,0,0,0,1,0,1,0,0,1,0,0,1,1,1,0,4,1,0,0,0,0,0,2,0,1,0,2,0,0,0,0,0,1,1,0,0,0,0
AL,0,0,0,0,0,0,0,0,0,0,0,0,0,0,0,0,0,0,0,0,0,0,0,0,0,0,0,0,0,0,0,0,0,0,0,0,0,0,0,0,0,0,0,0,0,0,0,0,0,0,0,0,0,0,0,0,0,0,0,0,0,0,0,1,0,1,1,1,2,7,3,1,4,5,5,1,7,9,0,10,2,1,0,12,2,7,14,14,2,0,29,33,20,14,4,6,9,13,21,8,18,0,2,8,17,27,27,13,7,3,10,37,10,22,12,0,3,1,14,22,7,12,10,7,8,14,3,22,5,8,11,14,7,0,1,19,14,3,25,11,16,11,14,4,0,6,11,5,19,12,17,1,1,24,25,6,11,12,0,11,19,24,13,21,1,0,0,26,25,10,36,10,7,2,41,47,19,34,21,1,5,12,59,31,43,17,18,20,0,47,27,15,23,24,6,33,28,18,21,20,13,29,49,34,7,4,3,2,25,11,10,29,20,22,2,11,13,8,31,31,45,10,20,18,17,16,32,7,1,0,1,7,20,31,17,1,3,34,5
AR,0,0,0,0,0,0,0,0,0,0,0,0,0,0,0,0,0,0,0,0,0,0,0,0,0,0,0,0,0,0,0,0,0,0,0,0,0,0,0,0,0,0,0,0,0,0,0,0,0,0,0,0,0,0,0,0,0,0,0,0,0,0,0,0,0,4,1,0,2,0,2,2,0,1,2,2,2,0,3,3,1,2,0,5,1,3,0,1,1,3,0,2,1,2,1,3,1,6,2,2,3,8,3,5,3,4,1,0,0,3,3,1,2,1,0,0,0,2,2,5,3,3,2,1,1,2,1,5,7,1,0,0,2,5,9,1,2,0,2,6,4,6,5,1,2,3,6,9,11,6,10,1,2,10,3,0,9,10,5,1,5,7,2,2,5,1,5,9,4,4,4,6,2,2,8,4,6,12,3,0,6,11,6,6,8,5,2,7,0,26,8,11,6,3,13,15,18,7,7,14,7,11,11,7,9,4,13,0,3,15,14,10,23,11,13,9,15,22,6,15,17,13,13,18,27,20,12,9,12,15,9,11,12,13,0,28,11,18,147
AZ,0,0,0,0,0,0,0,0,0,0,0,0,0,0,0,0,0,0,0,0,0,0,0,0,0,0,0,0,0,0,0,0,0,0,0,0,0,0,0,0,0,0,0,0,0,0,0,0,0,0,0,0,0,0,0,0,0,0,0,1,1,0,3,0,3,0,2,3,1,7,3,8,7,12,10,0,9,9,6,10,9,10,7,8,11,8,19,8,8,3,21,20,21,17,7,2,0,17,11,16,10,18,14,0,17,47,24,66,15,4,6,20,32,30,27,28,1,6,18,43,14,12,25,1,5,2,23,24,29,17,14,0,25,39,15,15,31,10,0,24,25,29,15,39,6,8,26,20,34,40,26,2,3,53,68,21,51,44,9,0,44,88,0,68,17,2,3,117,35,76,44,69,86,8,92,97,58,91,145,33,23,133,57,87,223,0,17,2,104,47,170,68,53,20,13,65,87,72,78,56,11,3,49,148,35,40,69,13,1,21,102,53,6,69,14,0,22,104,33,48,29,19,0,17,23,65,41,36,11,0,2,31,22,15,22,11,0,22,28
CA,0,0,0,0,0,0,0,0,0,0,0,0,0,0,0,1,0,0,0,0,0,0,0,0,0,0,1,0,0,0,0,0,0,0,0,0,0,0,0,0,0,0,1,0,1,0,0,1,1,1,0,0,0,2,5,3,3,2,5,3,6,7,12,15,16,17,21,11,17,33,30,31,38,39,29,37,59,57,41,50,36,45,49,53,100,92,40,136,30,47,93,113,97,84,79,23,63,89,76,90,97,57,23,74,94,83,81,87,62,27,61,100,92,80,108,51,32,44,122,89,102,70,68,16,15,57,89,81,81,67,30,0,144,69,68,83,69,28,25,92,105,74,56,71,27,33,82,81,74,66,68,21,58,57,101,81,61,33,32,46,105,79,223,-71,18,6,112,115,147,139,103,74,23,47,141,129,123,54,158,11,60,119,157,154,137,89,22,95,169,178,116,216,137,32,114,194,167,133,185,99,86,92,175,161,187,150,74,16,105,180,164,132,162,146,36,105,149,143,140,111,105,32,83,145,158,165,155,65,21,33,51,178,59,212,72,52,82,148,94
CO,0,0,0,0,0,0,0,0,0,0,0,0,0,0,0,0,0,0,0,0,0,0,0,0,0,0,0,0,0,0,0,0,0,0,0,0,0,0,0,0,0,0,0,0,0,0,0,0,0,0,0,1,0,0,0,1,0,0,2,2,1,0,0,12,5,6,13,3,7,15,11,17,14,15,13,11,29,13,34,23,25,16,0,38,27,17,17,20,11,27,37,22,44,109,10,8,25,31,30,11,43,12,10,9,49,20,23,15,8,4,17,23,53,31,59,42,22,10,33,41,10,13,5,4,3,19,41,29,14,7,2,12,16,20,17,11,4,0,16,11,20,11,12,3,1,5,13,10,5,4,4,0,4,10,2,1,8,0,0,8,7,7,0,4,0,0,1,4,9,2,18,1,0,2,10,6,2,6,1,0,6,5,8,15,4,4,0,5,0,21,1,16,4,1,0,4,2,2,3,2,1,5,13,0,6,6,8,1,0,3,2,3,7,7,0,0,6,4,4,6,6,0,2,1,5,3,12,0,4,3,0,3,3,6,3,0,2,6,6
CT,0,0,0,0,0,0,0,0,0,0,0,0,0,0,0,0,0,0,0,0,0,0,0,0,0,0,0,0,0,0,0,0,0,0,0,0,0,0,0,0,0,0,0,0,0,0,0,0,0,0,0,0,0,0,0,0,1,2,1,1,3,2,2,7,2,6,6,1,2,31,16,27,22,32,24,18,68,59,45,66,45,61,48,69,199,103,65,49,40,204,92,116,96,128,99,65,87,75,80,88,84,98,58,60,78,85,78,77,58,35,41,33,82,96,66,54,70,40,23,57,53,56,37,21,49,25,33,26,42,44,30,0,30,17,18,31,17,16,13,10,24,28,13,27,14,3,6,10,7,12,13,9,3,14,10,11,9,4,5,2,2,4,2,9,0,0,3,0,5,5,0,0,0,20,4,8,8,7,0,0,10,0,1,4,3,0,0,5,0,7,5,1,0,0,3,0,0,2,4,0,0,3,0,6,0,3,0,0,1,0,0,1,3,0,0,0,4,1,1,0,0,0,2,1,1,1,0,0,0,0,6,0,4,2,0,0,5,0,2
DC,0,0,0,0,0,0,0,0,0,0,0,0,0,0,0,0,0,0,0,0,0,0,0,0,0,0,0,0,0,0,0,0,0,0,0,0,0,0,0,0,0,0,0,0,0,0,0,0,0,0,0,0,0,0,0,0,0,0,1,0,1,0,0,1,0,1,1,4,0,2,1,3,6,0,1,0,0,0,0,0,0,0,0,45,5,9,5,5,5,9,7,15,12,14,12,13,7,5,15,19,7,9,11,7,6,0,21,19,7,12,5,8,14,8,10,7,8,9,8,7,5,6,9,5,8,0,5,8,7,2,4,2,2,3,2,4,4,6,2,4,4,3,4,5,4,0,5,3,4,3,1,2,2,2,4,2,3,2,2,1,0,2,1,1,2,2,2,0,3,4,0,0,0,0,3,3,3,0,1,0,1,1,1,0,0,0,1,1,0,1,1,0,0,1,0,1,0,0,2,1,1,0,2,0,1,0,3,0,0,2,1,1,1,2,0,0,0,1,0,0,0,1,1,0,1,1,2,0,0,0,0,4,1,0,0,0,0,0,1
DE,0,0,0,0,0,0,0,0,0,0,0,0,0,0,0,0,0,0,0,0,0,0,0,0,0,0,0,0,0,0,0,0,0,0,0,0,0,0,0,0,0,0,0,0,0,0,0,0,0,0,0,0,0,0,0,0,0,0,0,0,0,0,0,0,0,2,3,1,1,3,1,1,2,0,0,1,1,3,4,9,1,2,0,8,3,6,9,6,0,5,10,7,3,8,12,8,5,12,7,8,7,9,9,5,5,6,9,0,0,0,21,13,10,13,11,15,4,7,7,6,7,5,2,2,6,4,9,1,11,5,5,2,5,2,10,3,2,8,0,12,3,1,0,5,3,1,1,2,5,2,1,1,0,68,1,2,0,0,0,0,1,1,2,0,2,0,0,2,1,1,0,-1,0,0,6,0,0,2,0,0,0,2,2,2,49,1,0,0,0,2,0,2,2,0,0,2,0,0,1,2,1,0,0,0,1,0,0,0,0,0,3,0,5,0,0,3,0,1,0,0,0,0,1,0,1,0,0,2,1,0,0,0,4,0,0,2,2,1,1
FL,0,0,0,0,0,0,0,0,0,0,0,0,0,0,0,0,0,0,0,0,0,0,0,0,0,0,0,0,0,0,0,0,0,0,0,0,0,0,0,0,0,0,0,0,2,0,0,0,0,0,0,0,1,0,2,1,1,1,0,0,5,4,2,4,7,16,10,3,12,14,12,47,26,25,26,33,42,27,47,49,27,15,0,110,43,54,58,24,24,49,44,60,60,58,9,20,14,83,47,49,47,50,15,20,69,67,61,71,46,6,16,44,48,48,42,46,10,23,55,43,50,45,43,4,15,6,60,45,49,35,4,9,70,35,43,53,28,12,11,54,35,47,30,48,6,7,55,25,43,43,40,17,11,64,45,46,39,24,28,28,57,47,67,67,18,29,47,62,49,120,93,95,45,34,132,112,157,116,102,86,91,133,140,173,135,124,76,78,0,401,254,257,178,62,74,244,225,121,180,182,77,91,276,212,148,227,205,106,87,220,173,115,122,106,51,72,183,153,134,90,147,15,68,187,126,149,100,60,38,21,46,200,212,174,95,10,36,146,152
GA,0,0,0,0,0,0,0,0,0,0,0,0,0,0,0,0,0,0,0,0,0,0,0,0,0,0,0,0,0,0,0,0,0,0,0,0,0,0,0,0,0,0,0,0,0,0,0,0,0,0,1,0,0,0,0,0,0,9,0,5,5,1,12,1,0,30,12,4,22,22,29,18,22,10,11,73,49,24,39,15,12,10,0,78,52,39,53,8,14,77,47,28,33,20,7,11,72,41,58,37,33,7,6,58,50,36,23,42,2,2,50,37,22,32,38,10,9,40,35,21,79,31,16,5,23,48,38,30,32,1,40,39,26,23,24,8,11,2,91,15,59,45,32,20,5,53,32,44,20,34,1,0,15,41,27,33,21,2,1,16,11,25,19,4,3,1,21,20,20,17,52,4,2,16,0,64,15,27,29,5,2,69,80,29,79,50,4,13,0,126,35,78,70,14,2,74,60,43,86,66,12,31,114,109,83,34,92,34,21,64,54,55,92,95,38,25,100,47,83,79,98,27,27,98,63,67,61,49,57,7,25,56,75,45,41,46,20,46,20
HI,0,0,0,0,0,0,0,0,0,0,0,0,0,0,0,0,0,0,0,0,0,0,0,0,0,0,0,0,0,0,0,0,0,0,0,0,0,0,0,0,0,0,0,0,0,0,0,0,0,0,0,0,0,0,0,0,0,0,0,0,0,0,0,0,0,0,0,0,0,1,1,0,1,0,1,1,1,0,0,2,0,1,0,0,0,0,0,0,0,0,0,0,0,0,0,0,0,0,7,0,0,0,1,0,0,0,0,0,0,0,0,0,0,0,0,0,0,0,0,0,0,0,0,0,0,0,0,0,0,0,0,0,0,0,0,0,0,0,0,0,0,0,0,0,0,0,0,0,0,0,0,0,0,0,0,0,0,1,0,0,0,0,0,1,0,0,0,0,0,0,0,0,0,2,0,0,0,1,1,0,0,0,1,1,0,0,0,0,0,0,0,0,0,0,0,1,0,2,2,0,0,3,0,4,2,0,0,0,0,1,1,3,1,1,0,2,0,2,4,4,3,1,7,4,1,4,2,3,1,1,2,3,3,2,1,2,0,1,3
IA,0,0,0,0,0,0,0,0,0,0,0,0,0,0,0,0,0,0,0,0,0,0,0,0,0,0,0,0,0,0,0,0,0,0,0,0,0,0,0,0,0,0,0,0,0,0,0,0,0,0,0,0,0,0,0,0,0,0,0,0,0,0,1,0,0,2,0,1,2,1,2,2,0,0,6,8,1,1,0,4,3,7,0,2,10,7,4,10,1,4,4,7,6,11,5,6,9,9,12,14,8,5,8,4,19,12,12,12,9,13,6,18,18,12,18,10,5,4,11,15,19,18,26,5,7,7,22,15,20,7,5,5,22,6,13,10,10,4,5,15,7,9,4,7,1,3,8,10,5,4,1,4,1,2,2,3,8,2,0,4,6,4,0,3,1,0,1,3,7,8,3,5,1,4,3,2,19,5,5,5,1,6,9,7,5,6,0,3,0,15,10,11,7,2,5,6,8,13,6,13,5,1,6,12,5,10,9,2,4,8,16,8,6,13,5,5,9,13,18,11,14,3,3,10,4,8,3,24,5,2,6,12,20,3,0,10,3,12,1
ID,0,0,0,0,0,0,0,0,0,0,0,0,0,0,0,0,0,0,0,0,0,0,0,0,0,0,0,0,0,0,0,0,0,0,0,0,0,0,0,0,0,0,0,0,0,0,0,0,0,0,0,0,0,0,0,0,0,0,0,0,0,0,0,0,3,1,1,1,1,2,0,0,1,0,0,1,3,3,6,2,2,0,6,6,2,0,2,1,1,3,3,3,0,0,2,0,2,0,2,2,0,1,0,0,2,1,1,0,0,0,2,0,0,3,1,0,0,1,2,0,0,2,0,0,0,3,1,0,0,0,0,1,0,0,0,0,0,0,0,2,0,0,1,0,0,2,0,0,1,0,0,0,0,0,1,0,0,1,0,0,1,0,0,0,0,0,2,0,4,2,1,1,0,0,1,7,4,0,5,0,3,4,9,3,6,2,0,6,7,13,4,13,7,0,4,10,7,6,6,6,2,2,7,0,5,14,4,0,4,9,9,0,13,2,0,8,12,11,6,10,5,0,3,7,4,0,10,2,0,1,4,15,3,5,3,0,4,4,6
IL,0,0,0,0,0,0,0,0,0,0,0,0,0,0,0,0,0,0,0,0,0,0,0,0,0,0,0,0,0,0,0,0,0,0,0,0,0,0,0,0,0,0,0,0,0,0,0,0,0,0,0,0,0,0,0,1,0,3,1,1,2,3,5,2,8,3,18,18,7,27,40,17,52,35,30,33,73,82,66,68,81,43,0,148,80,124,60,125,31,60,119,98,122,107,81,59,50,142,89,139,101,99,63,41,177,136,137,130,107,59,53,143,190,135,131,71,49,57,144,147,83,108,75,65,29,39,158,103,84,61,60,22,113,96,115,59,68,41,20,94,77,90,75,29,19,18,72,88,52,43,45,22,23,35,63,40,38,26,15,14,21,28,0,54,9,6,6,36,36,18,26,24,19,6,27,8,25,21,18,5,7,23,23,19,18,12,2,17,0,43,18,19,8,14,9,19,29,20,20,17,5,1,20,15,24,25,6,17,11,27,24,27,24,17,6,8,29,37,24,20,11,11,7,38,26,24,28,24,5,8,7,27,26,33,23,14,5,18,35
IN,0,0,0,0,0,0,0,0,0,0,0,0,0,0,0,0,0,0,0,0,0,0,0,0,0,0,0,0,0,0,0,0,0,0,0,0,0,0,0,0,0,0,0,0,0,0,0,0,0,0,0,0,0,0,2,0,0,0,1,1,2,1,2,5,1,0,15,2,3,14,16,13,24,14,11,12,34,30,42,54,31,13,0,44,49,41,42,26,17,7,61,31,0,0,0,0,0,0,302,44,55,53,17,19,62,51,31,33,34,17,32,33,37,25,44,46,11,14,54,41,48,27,21,12,6,18,21,35,39,0,23,9,45,9,21,28,32,11,14,23,14,25,17,17,9,11,14,24,15,23,19,4,13,14,8,9,9,21,3,5,15,8,13,19,6,0,11,20,15,0,5,19,4,2,13,10,10,8,17,2,3,17,17,17,4,11,6,3,0,24,13,24,0,4,4,12,12,7,9,14,1,3,25,15,20,8,15,3,6,28,14,11,13,9,2,9,22,224,8,11,7,6,5,17,13,7,17,13,2,4,12,17,13,10,16,1,2,21,12
KS,0,0,0,0,0,0,0,0,0,0,0,0,0,0,0,0,0,0,0,0,0,0,0,0,0,0,0,0,0,0,0,0,0,0,0,0,0,0,0,0,0,0,0,0,0,0,0,0,0,0,1,0,0,0,0,0,0,0,0,1,0,0,0,1,0,0,1,0,5,1,0,3,3,3,1,1,8,6,7,4,5,1,7,5,10,6,2,3,9,8,0,10,1,1,6,2,4,2,6,1,6,1,3,11,5,3,0,4,5,0,6,5,1,4,3,2,0,1,1,5,2,0,1,0,3,2,1,3,0,0,0,1,6,4,0,7,0,0,4,0,2,0,5,0,0,2,0,2,0,3,8,1,0,2,0,2,5,3,1,2,2,2,0,0,0,0,7,1,1,5,0,-3,5,4,0,4,0,3,1,0,6,2,3,0,10,0,6,3,6,5,7,3,2,3,5,0,2,7,2,1,0,1,11,6,7,1,3,0,0,3,4,8,4,4,1,1,1,11,1,1,2,1,1,3,2,11,7,6,4,1,2,7,2,18,9,0,12,0,34
KY,0,0,0,0,0,0,0,0,0,0,0,0,0,0,0,0,0,0,0,0,0,0,0,0,0,0,0,0,0,0,0,0,0,0,0,0,0,0,0,0,0,0,0,0,0,0,0,0,0,0,0,0,0,1,0,0,0,1,0,1,0,1,0,1,0,4,1,0,0,7,3,11,4,3,5,11,7,4,9,12,2,0,16,11,6,7,8,8,4,6,17,14,6,9,5,3,5,12,10,5,8,0,5,8,14,8,11,4,6,0,7,10,5,2,4,2,0,12,20,10,10,5,0,0,0,3,6,9,9,13,0,8,3,8,7,8,4,0,2,6,6,10,4,1,0,5,6,7,2,3,2,2,0,11,1,8,7,1,4,2,5,7,8,4,0,0,8,9,6,4,8,2,3,4,6,10,5,8,9,3,1,1,3,7,7,5,4,9,0,15,7,4,5,2,2,7,1,8,7,8,1,2,8,7,6,9,5,3,4,13,12,14,8,8,0,14,9,7,8,8,3,0,13,13,20,10,11,6,3,0,1,16,22,9,13,3,5,9,8
LA,0,0,0,0,0,0,0,0,0,0,0,0,0,0,0,0,0,0,0,0,0,0,0,0,0,0,0,0,0,0,0,0,0,0,0,0,0,0,0,0,0,0,0,0,0,0,0,0,0,0,0,0,1,1,1,1,3,3,4,6,0,14,10,20,18,36,18,17,32,49,34,40,58,42,64,37,67,72,50,53,49,34,0,177,88,56,58,54,28,31,75,70,68,61,43,26,26,59,44,60,64,23,19,21,50,50,42,18,40,17,28,39,44,34,34,30,12,15,19,28,20,28,27,7,18,11,19,19,44,0,5,5,33,36,13,29,13,11,6,13,12,18,10,8,9,5,23,20,0,22,20,1,12,18,18,12,26,0,9,4,23,18,17,22,0,11,8,23,20,16,25,22,13,7,22,14,24,24,0,32,31,35,59,18,30,0,48,23,0,96,40,25,0,58,17,27,41,50,61,0,56,24,26,42,40,30,0,77,19,28,35,27,52,0,60,18,32,33,23,30,0,26,20,33,20,17,15,0,56,11,14,16,21,41,0,34,17,26,18
MA,0,0,0,0,0,0,0,0,0,0,0,0,0,0,0,0,0,0,0,0,0,0,0,0,0,0,0,0,0,0,0,0,0,0,0,0,0,0,0,0,0,0,0,0,0,0,0,0,0,0,0,0,0,0,0,0,0,0,1,1,3,0,2,4,10,10,9,4,8,33,33,32,38,25,15,28,95,75,70,96,87,70,86,113,151,135,156,155,145,111,152,220,177,194,173,168,110,152,253,157,153,132,155,86,122,212,132,150,138,137,129,34,174,168,110,113,92,65,76,128,82,80,76,67,44,57,73,92,77,51,77,182,52,67,51,37,53,27,37,53,46,37,47,38,48,23,19,69,35,30,27,28,16,21,48,26,44,24,10,12,-1,29,50,16,24,12,15,15,30,25,28,14,14,6,9,25,13,21,18,10,6,19,18,16,26,0,19,7,15,29,15,14,17,12,10,9,2,32,18,12,14,6,10,0,0,0,0,0,0,0,126,12,0,33,0,28,12,26,21,16,11,13,9,3,0,17,23,15,9,8,8,5,21,14,16,14,9,7,19
MD,0,0,0,0,0,0,0,0,0,0,0,0,0,0,0,0,0,0,0,0,0,0,0,0,0,0,0,0,0,0,0,0,0,0,0,0,0,0,0,0,0,0,0,0,0,0,0,0,0,0,0,0,0,0,0,0,1,0,1,1,0,0,1,0,0,1,5,5,0,2,9,6,6,15,14,24,12,20,15,33,31,30,0,46,21,33,20,9,47,25,43,55,48,0,103,13,92,49,75,61,23,84,44,26,61,54,50,50,52,38,22,69,67,49,49,49,43,25,58,51,50,45,43,61,117,4,20,19,0,45,26,22,153,46,41,32,41,18,11,41,29,26,33,26,20,11,18,28,25,17,22,11,14,15,16,17,19,15,8,9,11,19,6,14,13,4,10,12,17,11,16,8,11,6,6,12,7,5,17,5,9,16,15,7,0,11,0,6,0,47,0,9,10,11,3,9,13,9,11,13,8,6,12,13,10,9,7,6,2,6,9,7,10,8,7,5,7,12,10,6,14,9,3,5,6,10,9,11,6,3,4,3,10,5,8,5,1,3,9
ME,0,0,0,0,0,0,0,0,0,0,0,0,0,0,0,0,0,0,0,0,0,0,0,0,0,0,0,0,0,0,0,0,0,0,0,0,0,0,0,0,0,0,0,0,0,0,0,0,0,0,0,0,0,0,0,0,0,0,0,0,0,0,0,0,0,1,0,2,0,2,2,0,2,1,0,0,2,2,2,1,2,0,0,1,3,3,3,3,2,1,1,3,5,3,3,0,1,0,1,1,2,1,1,0,4,1,0,1,1,0,1,0,1,3,0,1,0,1,2,0,0,2,2,1,0,1,2,3,1,4,0,0,5,1,0,3,0,1,0,1,0,0,0,0,0,1,0,1,0,0,0,0,0,0,1,0,0,1,0,1,0,0,0,2,2,0,1,0,1,0,0,3,0,0,0,0,1,2,0,0,0,1,0,0,0,1,0,0,2,0,1,1,0,0,0,0,1,0,0,1,0,0,1,0,0,0,1,0,0,0,0,1,1,1,1,0,0,1,0,0,0,0,0,0,1,0,1,0,0,0,0,0,0,0,0,0,0,0,4
MI,0,0,0,0,0,0,0,0,0,0,0,0,0,0,0,0,0,0,0,0,0,0,0,0,0,0,0,0,0,0,0,0,0,0,0,0,0,0,0,0,0,0,0,0,0,0,0,0,0,0,0,0,0,0,0,0,1,0,2,2,1,8,9,18,16,29,18,23,57,75,75,82,61,61,76,111,117,113,115,202,104,90,0,287,149,173,132,79,81,75,236,111,162,106,184,41,86,159,103,116,76,154,29,81,41,72,90,51,132,23,30,88,39,74,38,56,10,24,99,43,67,29,61,5,13,27,68,36,33,55,28,23,36,19,25,258,36,4,17,32,10,28,7,25,3,3,16,2,26,6,19,3,6,12,6,18,3,19,4,4,31,5,13,3,4,0,3,30,11,8,15,28,1,5,5,4,18,7,10,2,6,7,3,4,1,5,0,3,0,26,18,8,5,1,6,9,5,28,6,4,2,7,9,6,16,11,20,6,3,15,10,18,0,21,2,4,21,5,18,6,0,33,5,15,14,12,6,6,0,5,2,60,20,7,12,0,9,12,11
MN,0,0,0,0,0,0,0,0,0,0,0,0,0,0,0,0,0,0,0,0,0,0,0,0,0,0,0,0,0,0,0,0,0,0,0,0,0,0,0,0,0,0,0,0,0,0,0,0,0,0,0,0,0,0,0,0,0,0,1,0,0,0,0,0,1,1,2,4,0,0,4,1,8,2,4,1,5,5,11,7,7,6,0,8,8,8,17,10,13,9,17,19,20,21,23,28,14,15,18,24,27,24,24,9,27,31,23,26,24,20,13,23,24,25,19,17,21,9,17,29,32,32,10,17,13,18,33,35,29,31,14,10,22,14,29,33,21,16,11,21,19,13,25,9,15,6,9,12,18,20,11,8,4,9,4,9,5,6,8,10,5,4,13,8,0,4,3,3,7,4,5,3,3,2,3,7,17,7,5,0,0,0,0,0,0,0,0,0,0,7,26,29,6,9,1,4,9,7,4,8,9,3,6,12,7,7,6,7,7,9,17,7,8,8,6,4,7,15,13,4,4,2,1,6,7,7,10,4,6,3,2,7,15,13,9,13,3,5,6
MO,0,0,0,0,0,0,0,0,0,0,0,0,0,0,0,0,0,0,0,0,0,0,0,0,0,0,0,0,0,0,0,0,0,0,0,0,0,0,0,0,0,0,0,0,0,0,0,0,0,0,0,0,0,0,0,0,1,0,2,0,0,0,2,3,0,1,1,2,1,1,4,1,0,4,10,5,12,6,21,19,12,1,0,24,14,5,12,11,1,1,12,18,11,44,11,1,14,26,4,11,8,14,1,6,18,20,21,32,23,10,5,35,18,20,15,13,6,11,11,14,31,10,5,5,4,1,9,11,30,34,1,0,11,4,2,10,9,0,12,20,8,13,10,7,0,2,2,26,37,3,8,1,5,5,9,7,8,6,0,2,16,3,5,0,0,5,1,12,3,3,12,9,0,14,8,10,10,7,9,-1,4,10,16,20,4,4,15,4,0,19,13,10,10,0,2,10,6,9,19,0,6,0,7,11,2,8,12,21,30,6,11,3,2,6,1,0,14,10,1,14,31,11,23,9,4,3,16,77,20,1,2,11,19,10,3,1,9,18,7
MS,0,0,0,0,0,0,0,0,0,0,0,0,0,0,0,0,0,0,0,0,0,0,0,0,0,0,0,0,0,0,0,0,0,0,0,0,0,0,0,0,0,0,0,0,0,0,0,0,0,0,0,0,0,0,0,0,0,1,0,0,0,0,0,4,1,0,0,8,1,3,3,4,3,6,8,8,8,8,9,6,11,3,0,15,11,7,11,12,7,11,14,9,8,9,11,6,3,10,10,11,20,11,12,7,32,32,22,11,12,10,5,22,8,15,13,18,11,7,26,16,10,16,20,9,10,17,18,23,17,13,11,5,28,15,12,9,8,6,20,10,21,0,13,8,2,4,20,23,0,0,0,0,38,13,22,5,6,13,4,20,14,9,10,11,4,5,2,44,29,15,11,15,18,1,22,17,17,24,17,10,3,31,34,13,28,15,14,7,0,49,34,42,24,8,7,43,35,52,37,20,39,16,32,52,22,32,37,4,11,34,34,27,24,21,5,8,61,54,23,25,13,16,32,20,33,10,20,12,16,1,0,35,29,13,15,15,15,28,22
MT,0,0,0,0,0,0,0,0,0,0,0,0,0,0,0,0,0,0,0,0,0,0,0,0,0,0,0,0,0,0,0,0,0,0,0,0,0,0,0,0,0,0,0,0,0,0,0,0,0,0,0,0,0,0,0,0,0,0,0,0,0,0,0,0,0,0,1,0,2,1,0,0,0,0,0,0,0,0,0,0,0,0,0,0,0,2,1,2,0,0,2,2,0,0,0,0,0,1,1,0,0,0,0,0,0,0,0,0,0,0,0,0,0,0,0,0,0,0,0,0,0,0,0,0,0,1,0,0,0,0,0,0,0,0,0,1,0,0,0,0,0,0,0,0,1,0,0,1,0,0,0,0,1,0,0,0,1,0,0,0,0,0,0,1,0,0,0,0,0,2,3,1,0,3,2,0,1,2,0,0,2,1,2,1,3,0,0,1,0,7,1,5,1,0,3,0,1,1,5,5,0,0,2,3,1,0,1,0,0,2,0,4,0,2,0,1,6,1,0,2,4,0,0,1,4,2,3,2,1,1,1,3,1,8,2,2,3,2,1
NC,0,0,0,0,0,0,0,0,0,0,0,0,0,0,0,0,0,0,0,0,0,0,0,0,0,0,0,0,0,0,0,0,0,0,0,0,0,0,0,0,0,0,0,0,0,0,0,0,0,0,0,0,0,0,0,0,0,0,0,0,0,0,0,1,0,2,1,0,2,2,2,6,3,5,7,2,12,7,11,10,6,1,0,27,8,15,21,12,7,8,33,29,12,16,20,10,7,35,13,24,21,21,2,7,22,25,30,20,17,3,3,26,20,16,26,11,7,2,30,11,14,11,9,7,10,12,29,0,65,21,0,21,23,18,18,7,25,3,11,23,17,17,28,13,5,9,34,14,8,22,15,8,3,27,20,19,2,26,4,3,16,27,17,10,7,1,2,22,20,19,17,12,15,7,41,14,0,41,23,5,8,26,30,28,20,32,7,5,0,71,40,21,40,5,13,28,41,42,42,26,8,4,32,0,83,26,30,4,2,48,35,34,29,26,10,4,33,37,24,24,31,9,10,39,38,24,0,85,1,7,13,48,33,33,24,5,8,51,38
ND,0,0,0,0,0,0,0,0,0,0,0,0,0,0,0,0,0,0,0,0,0,0,0,0,0,0,0,0,0,0,0,0,0,0,0,0,0,0,0,0,0,0,0,0,0,0,0,0,0,0,0,0,0,0,0,0,0,0,0,0,0,0,0,0,0,1,0,0,2,0,0,0,0,0,0,0,1,0,1,2,0,1,1,0,0,0,0,0,1,3,0,1,1,0,1,1,2,0,0,0,4,1,1,0,0,6,0,2,1,1,1,2,2,0,2,0,1,1,1,4,2,1,0,1,1,0,2,1,2,0,0,2,4,1,0,5,1,0,0,0,1,1,0,0,0,0,0,0,1,1,0,1,0,1,0,0,0,0,1,0,0,1,0,0,0,0,0,4,1,0,0,2,0,0,1,0,1,1,0,2,1,1,2,1,2,0,0,0,1,2,1,0,0,2,0,2,1,1,1,2,0,0,6,2,0,1,0,3,2,2,2,0,2,3,1,1,1,0,1,0,2,1,1,2,3,2,0,5,1,0,0,1,3,4,3,1,2,2,0
NE,0,0,0,0,0,0,0,0,0,0,0,0,0,0,0,0,0,0,0,0,0,0,0,0,0,0,0,0,0,0,0,0,0,0,0,0,0,0,0,0,0,0,0,0,0,0,0,0,0,0,0,0,0,0,0,0,0,0,0,0,0,0,0,0,0,2,0,0,1,1,1,1,0,0,0,0,0,0,0,0,0,0,0,0,0,0,0,0,0,0,0,0,0,0,0,0,0,0,64,2,3,3,1,0,3,4,4,1,4,3,2,2,3,6,5,4,0,2,3,7,6,4,0,3,0,3,9,1,5,0,1,8,3,5,1,1,1,0,0,3,4,17,4,0,0,4,11,3,5,5,0,0,5,6,1,2,6,1,0,1,5,1,6,2,0,0,-1,-1,3,0,0,2,0,3,0,3,9,2,0,0,7,4,1,5,3,0,0,1,0,7,4,5,0,0,0,0,0,3,5,5,0,0,3,3,5,4,1,0,0,0,7,3,2,3,1,4,1,2,5,1,1,0,5,3,0,4,0,0,0,0,3,15,6,7,0,0,1,1,3
NH,0,0,0,0,0,0,0,0,0,0,0,0,0,0,0,0,0,0,0,0,0,0,0,0,0,0,0,0,0,0,0,0,0,0,0,0,0,0,0,0,0,0,0,0,0,0,0,0,0,0,0,0,0,0,0,0,0,0,0,0,0,1,0,0,0,1,0,1,0,0,1,1,2,2,0,0,4,5,3,1,1,0,0,4,5,2,3,1,3,1,0,6,3,2,7,0,0,0,6,6,9,3,2,0,6,19,3,7,10,2,0,9,8,1,8,12,1,0,10,8,9,5,4,1,1,4,9,9,5,5,3,0,11,9,8,5,5,3,0,8,7,7,7,3,2,0,6,4,1,6,2,0,0,4,4,10,8,2,0,0,4,2,2,1,0,5,1,2,2,1,3,1,0,0,1,2,1,0,1,2,0,2,2,3,4,0,0,0,0,2,4,0,1,1,0,1,0,1,0,0,0,0,0,1,2,1,0,0,0,1,3,1,0,1,0,0,0,1,1,1,0,0,0,0,0,0,0,0,1,0,0,0,1,0,1,1,0,0,2
NJ,0,0,0,0,0,0,0,0,0,0,0,0,0,0,0,0,0,0,0,0,0,0,0,0,0,0,0,0,0,0,0,0,0,0,0,0,0,0,0,0,0,0,0,0,0,0,0,1,0,0,0,0,0,1,1,0,0,4,2,5,6,4,17,0,19,31,48,0,2,67,147,178,108,191,72,84,239,273,196,234,251,167,0,455,351,361,322,231,134,174,377,0,0,864,246,75,106,397,329,458,310,204,128,40,334,305,252,150,164,140,55,198,194,244,192,111,107,79,151,161,96,142,95,50,13,48,148,62,130,102,63,25,49,110,90,78,57,68,41,89,74,65,47,98,37,49,49,41,33,38,22,14,24,54,45,25,42,1887,26,17,45,43,29,57,25,22,18,51,52,114,31,43,0,33,19,53,22,11,9,10,8,8,10,19,24,7,2,3,0,17,11,9,9,5,7,0,12,7,0,15,4,4,10,5,7,8,4,1,0,6,4,2,4,1,0,0,2,2,7,7,3,4,7,7,13,8,8,7,4,2,5,11,6,9,4,4,3,10,11
NM,0,0,0,0,0,0,0,0,0,0,0,0,0,0,0,0,0,0,0,0,0,0,0,0,0,0,0,0,0,0,0,0,0,0,0,0,0,0,0,0,0,0,0,0,0,0,0,0,0,0,0,0,0,0,0,0,0,0,0,0,0,0,0,0,1,0,1,0,0,3,1,1,3,1,1,0,1,3,1,2,1,6,0,5,0,13,7,2,2,3,0,13,7,6,9,6,0,6,7,11,8,7,12,0,12,7,3,9,10,9,8,11,12,11,11,0,0,17,6,7,11,8,0,0,18,5,4,6,9,7,5,6,5,0,16,4,5,3,4,4,6,11,0,11,4,5,7,5,0,12,2,3,0,7,4,5,4,2,1,1,4,3,3,8,2,0,2,4,8,6,6,4,2,3,3,6,5,3,4,2,7,10,3,5,5,6,7,5,0,13,3,7,9,3,1,3,9,2,6,6,4,5,3,2,2,6,8,3,4,5,6,5,5,4,2,2,3,5,9,3,2,1,9,8,3,1,3,6,3,4,0,6,3,2,3,2,0,7,2
NV,0,0,0,0,0,0,0,0,0,0,0,0,0,0,0,0,0,0,0,0,0,0,0,0,0,0,0,0,0,0,0,0,0,0,0,0,0,0,0,0,0,0,0,0,0,0,0,0,0,0,0,0,0,0,1,0,0,0,1,0,0,2,2,0,4,0,4,1,3,8,6,6,5,3,0,0,13,13,10,4,0,0,0,0,0,52,4,10,6,1,4,11,16,8,2,6,1,12,12,6,0,16,4,0,5,19,8,8,5,4,0,8,11,7,12,2,3,0,12,0,0,19,10,2,2,0,3,8,3,4,1,3,1,3,9,3,5,1,4,3,2,12,2,1,1,1,2,6,3,3,7,2,3,2,2,1,3,2,0,4,3,4,13,4,2,4,3,11,5,21,5,10,4,0,19,7,7,11,9,1,1,28,28,3,15,10,2,5,0,20,42,29,2,0,15,15,28,9,20,30,8,6,17,15,35,15,24,3,0,0,0,99,24,2,0,3,30,20,0,37,14,1,0,3,31,0,37,13,3,4,0,19,17,10,10,0,7,26,12
NY,0,0,0,0,0,0,0,0,0,0,0,0,0,0,0,0,0,0,0,0,0,0,0,0,0,0,0,0,0,0,0,0,0,0,0,0,0,0,0,0,0,0,0,0,0,0,0,0,0,0,0,0,2,0,4,2,1,0,0,5,67,56,88,116,98,106,242,112,189,223,378,263,422,635,874,570,787,788,756,1018,688,852,330,2419,693,706,434,386,1470,599,756,699,630,637,675,478,396,390,443,366,387,438,420,272,324,947,385,284,360,268,238,254,255,242,211,256,213,144,134,183,157,168,130,143,82,109,93,125,114,40,77,162,58,82,107,79,87,64,50,63,81,66,83,62,43,46,38,48,32,94,33,54,37,49,22,33,48,40,28,0,642,12,23,27,22,38,16,17,20,33,24,17,9,42,16,23,22,12,24,18,12,20,7,39,29,0,12,12,9,13,19,13,17,14,11,8,5,9,6,9,11,6,11,6,19,12,4,10,10,6,10,7,11,10,14,8,6,2,11,8,8,11,7,7,8,12,4,5,6,11,10,4,9,5,9,4,9,0,22
OH,0,0,0,0,0,0,0,0,0,0,0,0,0,0,0,0,0,0,0,0,0,0,0,0,0,0,0,0,0,0,0,0,0,0,0,0,0,0,0,0,0,0,0,0,0,0,0,0,0,0,0,0,0,0,0,0,0,0,1,2,0,3,2,2,5,4,6,4,10,16,10,16,9,12,17,23,25,24,21,19,16,6,0,70,38,28,29,33,20,38,47,51,45,37,20,17,27,46,135,41,27,19,17,18,76,92,47,33,27,10,16,79,46,52,46,30,15,32,63,60,54,37,80,15,18,15,41,56,33,17,5,52,53,41,39,18,16,7,26,18,36,33,18,46,3,16,23,15,22,34,30,3,4,30,20,17,16,16,3,11,45,14,0,27,3,4,16,43,21,15,25,3,21,6,7,7,29,9,20,39,13,25,16,29,40,1,10,37,0,78,21,44,25,16,9,31,29,23,32,16,1,5,34,25,24,29,39,3,5,40,35,21,28,20,3,7,11,48,32,29,20,1,11,27,11,50,21,9,3,18,22,26,30,48,9,4,3,88,49
OK,0,0,0,0,0,0,0,0,0,0,0,0,0,0,0,0,0,0,0,0,0,0,0,0,0,0,0,0,0,0,0,0,0,0,0,0,0,0,0,0,0,0,0,0,0,0,0,0,0,0,0,0,0,0,0,0,1,0,0,0,1,0,1,2,2,0,8,1,1,6,6,5,4,4,4,5,16,12,1,8,6,2,0,12,15,8,0,0,0,0,33,6,9,0,15,1,2,10,7,8,8,8,0,0,9,6,7,6,4,1,2,5,0,6,1,3,0,0,6,5,5,3,4,0,2,5,4,3,3,5,0,0,6,2,3,1,2,1,0,5,2,2,2,0,0,0,4,1,2,1,1,1,0,2,1,3,2,7,1,0,2,2,6,2,0,0,1,6,3,3,6,5,1,2,4,4,6,7,6,0,1,9,13,3,7,11,0,0,0,28,13,5,8,1,1,15,16,11,7,3,0,2,13,9,11,6,13,4,4,17,16,11,6,10,1,4,14,19,15,8,11,1,2,9,12,14,11,4,3,0,1,9,13,12,11,6,0,7,12
OR,0,0,0,0,0,0,0,0,0,0,0,0,0,0,0,0,0,0,0,0,0,0,0,0,0,0,0,0,0,0,0,0,0,0,0,0,0,0,0,0,0,0,0,0,0,0,0,0,0,0,0,0,1,0,0,0,2,0,0,1,0,1,0,5,1,1,1,0,3,2,1,2,1,4,1,2,4,5,6,4,3,1,0,3,3,6,6,2,2,1,3,0,5,3,1,4,1,7,2,2,1,5,0,0,4,2,6,3,3,0,3,0,4,3,0,0,0,1,2,4,1,2,0,1,0,0,0,3,0,2,0,1,3,2,0,2,0,2,1,5,0,2,2,1,2,4,2,1,4,1,1,1,2,0,3,2,4,1,0,2,3,1,1,0,4,2,0,5,4,6,2,0,2,3,7,3,2,5,3,3,2,7,2,2,9,4,3,0,0,21,5,6,3,1,3,5,5,1,9,6,1,1,12,7,8,2,0,0,3,9,11,4,2,3,0,3,7,6,5,9,0,0,12,6,3,2,5,0,1,1,9,8,3,2,4,6,2,8,2
PA,0,0,0,0,0,0,0,0,0,0,0,0,0,0,0,0,0,0,0,0,0,0,0,0,0,0,0,0,0,0,0,0,0,0,0,0,0,0,0,0,0,0,0,0,0,0,0,0,0,0,0,0,0,0,0,0,1,0,0,1,0,4,1,4,5,6,12,4,10,15,11,16,12,34,14,12,78,69,29,77,76,16,0,77,63,0,109,80,276,92,185,24,8,70,45,13,47,119,477,98,62,65,24,13,547,93,301,191,83,18,23,75,132,203,50,33,3,287,130,142,103,116,112,28,15,13,113,108,91,72,0,0,130,75,75,68,45,12,10,61,48,51,49,49,4,29,33,43,42,38,20,4,3,38,54,38,23,23,3,9,35,36,27,34,3,4,1,33,26,36,32,17,7,7,20,26,16,19,15,8,3,20,25,16,22,13,3,4,0,54,0,14,15,5,0,23,12,38,15,16,1,3,35,33,24,36,20,3,0,31,24,15,20,18,2,1,25,19,12,18,18,2,0,18,21,20,10,18,0,19,11,15,15,17,0,0,32,6,28
RI,0,0,0,0,0,0,0,0,0,0,0,0,0,0,0,0,0,0,0,0,0,0,0,0,0,0,0,0,0,0,0,0,0,0,0,0,0,0,0,0,0,0,0,0,0,0,0,0,0,0,0,0,0,0,0,0,0,0,0,0,0,0,0,0,0,0,0,0,0,0,0,6,0,0,7,0,0,0,1,0,0,0,0,0,7,0,0,0,0,0,0,0,0,0,94,0,0,0,31,0,0,0,0,0,0,99,0,0,8,0,0,0,0,0,0,58,0,0,0,0,0,70,0,0,0,0,0,0,104,0,0,0,0,0,0,0,0,0,24,0,0,0,0,0,0,0,0,0,83,40,0,0,0,0,0,0,0,0,0,36,0,0,0,0,0,0,0,281,0,0,0,0,0,0,0,26,0,0,0,0,0,0,6,0,0,0,0,0,0,0,0,0,8,0,0,0,5,0,0,0,0,0,0,7,0,0,0,0,0,0,7,0,0,0,0,0,0,12,0,0,0,0,0,0,11,0,0,0,0,0,0,11,0,0,0,0,0,0,13
SC,0,0,0,0,0,0,0,0,0,0,0,0,0,0,0,0,0,0,0,0,0,0,0,0,0,0,0,0,0,0,0,0,0,0,0,0,0,0,0,0,0,0,0,0,0,0,0,0,0,0,0,0,0,0,1,0,0,0,0,2,0,1,3,0,2,0,4,3,2,4,3,6,3,6,4,4,3,12,4,5,0,10,0,13,9,5,7,3,1,4,11,5,10,8,8,0,11,15,40,12,12,11,8,7,13,9,11,4,10,1,13,9,9,9,9,1,5,6,8,8,9,3,6,10,5,6,20,4,13,0,11,6,1,17,7,13,7,1,11,11,7,12,5,6,1,2,5,11,3,18,5,9,5,16,10,8,1,15,5,5,18,24,18,9,19,8,5,20,38,22,24,18,10,11,23,0,69,25,39,21,9,56,39,52,45,72,25,16,0,99,48,47,37,26,12,53,45,0,0,0,210,17,51,87,0,20,55,9,19,54,17,41,59,32,11,7,19,45,55,27,44,11,11,37,37,13,37,32,10,20,5,28,36,49,16,24,13,21,34
SD,0,0,0,0,0,0,0,0,0,0,0,0,0,0,0,0,0,0,0,0,0,0,0,0,0,0,0,0,0,0,0,0,0,0,0,0,0,0,0,0,0,0,0,0,0,0,0,0,1,0,0,0,0,0,0,0,0,0,0,0,0,0,0,0,0,0,0,0,0,0,1,0,0,0,0,1,0,1,0,0,0,0,0,0,0,1,0,2,0,0,1,1,0,0,1,1,0,0,2,4,4,0,0,0,3,5,2,0,3,0,0,5,0,4,1,0,0,0,0,2,2,2,0,0,0,0,4,0,5,1,0,2,0,0,2,1,0,0,0,3,1,4,1,1,0,0,2,1,0,3,0,0,0,2,1,3,1,3,0,0,0,2,0,3,0,0,1,1,0,3,6,2,0,0,0,2,4,1,0,2,0,0,1,2,1,0,1,0,0,6,0,1,4,1,0,1,1,4,3,2,0,0,0,0,2,2,2,1,0,1,1,2,2,0,2,0,0,1,0,3,2,0,0,0,2,0,1,3,0,0,0,0,4,0,6,1,0,0,8
TN,0,0,0,0,0,0,0,0,0,0,0,0,0,0,0,0,0,0,0,0,0,0,0,0,0,0,0,0,0,0,0,0,0,0,0,0,0,0,0,0,0,0,0,0,0,0,0,0,0,0,0,0,0,0,0,0,0,0,1,0,0,0,0,2,0,0,0,1,6,3,10,7,6,6,2,19,6,10,14,4,3,0,8,15,10,6,2,3,3,4,5,9,3,0,8,3,2,0,10,7,5,5,1,5,7,11,0,4,1,1,7,14,9,14,3,5,3,3,4,5,4,2,14,7,2,4,10,3,4,5,0,3,12,7,13,9,9,1,3,12,2,5,25,4,2,8,10,5,11,6,9,2,5,11,14,10,10,9,0,8,12,4,10,13,4,9,5,12,22,22,13,15,3,6,20,17,14,18,23,6,4,23,15,34,13,25,1,13,0,41,14,27,8,6,17,23,27,37,17,11,8,16,36,16,24,12,21,18,21,38,29,35,58,14,5,19,40,19,24,26,23,21,5,23,14,26,25,26,3,3,24,36,58,35,43,15,17,30,26
TX,0,0,0,0,0,0,0,0,0,0,0,0,0,0,0,0,0,0,0,0,0,0,0,0,0,0,0,0,0,0,0,0,0,0,0,0,0,0,0,0,0,0,0,0,0,0,0,0,0,0,0,0,0,0,1,0,1,2,1,0,0,4,1,5,6,2,7,5,4,11,14,13,13,17,20,14,14,23,21,27,28,17,0,47,46,29,35,25,24,18,21,27,17,32,30,24,16,26,42,50,34,31,20,17,22,39,26,31,45,39,11,33,26,58,56,33,30,10,22,47,21,39,25,12,8,7,24,38,25,21,24,6,16,35,32,21,28,12,6,19,31,35,17,18,19,7,45,31,41,30,23,16,10,26,27,46,31,39,27,10,21,59,42,50,33,28,17,61,96,105,95,98,80,43,83,106,123,165,119,61,40,66,120,103,108,90,102,1196,0,443,160,296,268,0,179,245,236,306,292,246,113,31,218,319,255,310,237,143,51,230,307,234,258,214,104,25,181,229,265,196,154,90,26,143,189,221,140,177,64,19,61,140,161,144,147,47,21,132,135
UT,0,0,0,0,0,0,0,0,0,0,0,0,0,0,0,0,0,0,0,0,0,0,0,0,0,0,0,0,0,0,0,0,0,0,0,0,0,0,0,0,0,0,0,0,0,0,0,0,0,0,0,0,0,0,0,0,0,0,0,0,1,0,0,0,1,0,1,0,1,0,2,0,0,1,0,5,0,0,0,4,1,0,0,1,1,2,2,2,3,0,4,2,1,0,6,0,0,4,0,1,0,3,1,0,5,2,3,0,7,0,0,5,2,0,0,3,2,0,0,9,2,0,4,0,2,3,3,2,2,0,0,4,0,4,0,4,0,1,3,2,1,4,7,0,0,4,2,4,2,3,0,2,0,5,0,1,2,0,0,1,4,1,3,5,0,2,7,4,6,1,5,5,1,0,11,7,1,1,6,0,0,10,8,9,6,0,0,7,5,6,7,5,6,1,3,7,6,3,5,0,1,9,13,2,2,7,2,1,2,4,9,0,0,8,0,4,6,4,3,4,0,0,0,2,0,5,1,5,2,1,1,3,3,1,2,0,2,0,2
VA,0,0,0,0,0,0,0,0,0,0,0,0,0,0,0,0,0,0,0,0,0,0,0,0,0,0,0,0,0,0,0,0,0,0,0,0,0,0,0,0,0,0,0,0,0,0,0,0,0,0,0,0,1,0,1,0,0,0,0,0,1,3,0,3,4,1,3,5,3,2,7,7,4,4,2,3,9,11,34,11,10,10,8,6,42,13,22,27,19,22,24,26,24,64,0,0,23,33,29,31,29,36,44,24,29,0,56,42,16,12,10,40,37,27,23,25,7,5,27,33,24,34,25,12,34,24,45,55,22,12,5,15,16,19,16,10,7,11,6,17,19,9,13,8,4,5,19,11,7,17,5,4,9,22,17,16,26,23,8,7,23,24,29,27,5,5,0,27,24,50,5,4,2,9,17,15,8,12,2,0,4,16,4,4,13,9,1,5,0,42,17,30,40,3,2,31,28,26,14,6,4,1,16,7,13,6,11,0,4,10,23,17,9,7,24,4,22,20,12,21,20,1,11,33,28,12,10,16,0,6,2,11,11,4,11,2,19,96,45
VT,0,0,0,0,0,0,0,0,0,0,0,0,0,0,0,0,0,0,0,0,0,0,0,0,0,0,0,0,0,0,0,0,0,0,0,0,0,0,0,0,0,0,0,0,0,0,0,0,0,0,0,0,0,0,0,0,0,2,0,0,0,3,0,1,0,0,2,0,0,0,0,0,0,2,0,0,13,0,0,0,1,2,1,1,1,5,0,2,0,1,2,0,3,1,2,0,1,0,0,2,1,1,2,0,0,0,1,0,0,0,0,0,0,0,0,0,1,0,0,0,0,0,0,0,0,0,0,1,0,0,0,0,0,0,0,0,0,0,0,0,0,0,0,0,0,0,0,0,1,0,0,0,0,0,0,0,0,0,0,0,0,0,0,0,0,0,0,0,0,0,0,0,0,0,0,0,0,0,0,0,0,0,0,0,0,0,0,0,0,0,0,1,0,0,0,0,0,1,0,0,0,0,0,0,0,0,0,0,0,0,0,0,0,0,0,0,0,0,0,0,0,0,0,0,0,0,0,0,0,0,0,0,0,0,0,0,0,0,0
WA,0,0,0,0,0,0,0,0,0,0,0,0,0,0,0,0,0,0,0,0,0,0,0,0,0,0,0,0,0,0,0,0,0,0,0,0,0,0,1,0,5,1,3,1,2,3,3,4,1,5,2,6,3,2,6,4,14,8,9,10,1,15,13,6,14,25,17,10,23,4,30,13,23,22,29,34,22,26,26,28,17,17,0,33,26,16,20,21,10,18,29,11,18,12,15,12,15,21,15,13,9,7,4,7,21,8,21,14,16,10,14,17,12,9,8,8,2,1,29,6,8,6,0,11,9,8,17,11,5,7,0,5,6,6,3,11,4,4,4,15,13,5,8,9,4,2,5,1,19,10,10,4,6,9,9,7,5,6,0,10,12,7,3,9,2,5,10,13,10,14,14,0,11,-37,7,21,7,6,11,3,5,9,4,12,10,6,6,18,0,36,9,0,29,0,7,16,6,27,20,1,18,6,19,10,13,17,9,14,6,22,16,12,13,9,5,3,8,6,9,14,0,0,11,14,7,8,9,1,0,0,0,26,7,8,0,0,15,9,5
WI,0,0,0,0,0,0,0,0,0,0,0,0,0,0,0,0,0,0,0,0,0,0,0,0,0,0,0,0,0,0,0,0,0,0,0,0,0,0,0,0,0,0,0,0,0,0,0,0,0,0,0,0,0,0,0,0,0,2,1,1,0,1,0,1,2,4,1,0,1,2,8,7,6,19,12,9,15,7,12,17,9,7,0,25,12,16,8,6,9,10,12,4,11,5,4,6,9,19,8,8,10,8,5,1,13,9,12,10,14,2,9,9,3,13,11,7,0,6,9,14,6,9,11,3,3,3,23,11,18,20,4,3,12,9,10,7,12,1,0,15,9,11,7,3,1,2,8,10,7,10,14,0,1,5,8,8,1,11,0,0,7,2,7,3,0,0,0,8,3,2,5,6,0,0,6,1,4,2,10,1,2,13,6,13,0,13,1,1,0,18,8,14,14,1,1,12,9,7,12,5,1,1,8,7,7,7,13,1,0,8,13,6,2,13,0,0,13,6,11,2,6,2,0,9,12,3,7,15,0,0,1,15,10,4,12,1,0,10,8
WV,0,0,0,0,0,0,0,0,0,0,0,0,0,0,0,0,0,0,0,0,0,0,0,0,0,0,0,0,0,0,0,0,0,0,0,0,0,0,0,0,0,0,0,0,0,0,0,0,0,0,0,0,0,0,0,0,0,0,0,0,0,0,0,0,0,0,0,1,0,0,1,0,0,0,1,1,0,0,1,0,1,2,1,1,2,1,3,2,2,6,0,3,2,0,2,1,3,1,2,4,2,3,0,0,0,1,0,1,1,1,3,1,1,3,2,1,2,1,0,1,2,1,0,0,0,2,0,0,0,0,0,2,2,1,1,5,0,0,0,0,1,1,2,0,0,0,0,0,0,0,0,1,1,2,0,0,0,1,0,0,0,0,0,0,1,1,0,0,0,0,0,1,0,1,0,1,1,1,0,0,0,1,0,2,0,0,0,3,3,3,3,1,0,1,0,7,0,0,3,4,8,2,6,6,0,4,2,0,0,3,2,1,5,6,2,1,7,3,6,4,11,1,1,7,9,8,5,1,3,1,4,3,2,7,2,0,10,0,16
WY,0,0,0,0,0,0,0,0,0,0,0,0,0,0,0,0,0,0,0,0,0,0,0,0,0,0,0,0,0,0,0,0,0,0,0,0,0,0,0,0,0,0,0,0,0,0,0,0,0,0,0,0,0,0,0,0,0,0,0,0,0,0,0,0,0,0,0,0,0,0,0,0,0,0,0,0,0,0,0,0,0,0,1,0,1,0,0,0,0,0,0,5,0,0,0,0,0,0,0,0,0,0,0,0,0,0,0,0,0,0,0,0,0,0,0,0,1,2,0,1,1,0,0,0,0,1,1,1,0,0,0,2,0,0,0,0,0,0,0,0,1,0,0,0,0,0,0,0,0,2,0,0,0,0,0,0,0,0,0,0,0,0,0,0,0,0,0,0,1,0,0,0,0,0,1,0,2,0,0,0,0,1,0,0,0,0,0,0,0,0,0,0,0,0,1,0,0,0,1,0,0,0,0,0,0,0,1,0,3,1,0,0,3,2,0,0,0,0,0,0,0,0,0,4,0,0,1,0,0,0,0,0,0,0,0,0,0,0,3
