State,deaths - 1/22/20,deaths - 1/23/20,deaths - 1/24/20,deaths - 1/25/20,deaths - 1/26/20,deaths - 1/27/20,deaths - 1/28/20,deaths - 1/29/20,deaths - 1/30/20,deaths - 1/31/20,deaths - 2/1/20,deaths - 2/2/20,deaths - 2/3/20,deaths - 2/4/20,deaths - 2/5/20,deaths - 2/6/20,deaths - 2/7/20,deaths - 2/8/20,deaths - 2/9/20,deaths - 2/10/20,deaths - 2/11/20,deaths - 2/12/20,deaths - 2/13/20,deaths - 2/14/20,deaths - 2/15/20,deaths - 2/16/20,deaths - 2/17/20,deaths - 2/18/20,deaths - 2/19/20,deaths - 2/20/20,deaths - 2/21/20,deaths - 2/22/20,deaths - 2/23/20,deaths - 2/24/20,deaths - 2/25/20,deaths - 2/26/20,deaths - 2/27/20,deaths - 2/28/20,deaths - 2/29/20,deaths - 3/1/20,deaths - 3/2/20,deaths - 3/3/20,deaths - 3/4/20,deaths - 3/5/20,deaths - 3/6/20,deaths - 3/7/20,deaths - 3/8/20,deaths - 3/9/20,deaths - 3/10/20,deaths - 3/11/20,deaths - 3/12/20,deaths - 3/13/20,deaths - 3/14/20,deaths - 3/15/20,deaths - 3/16/20,deaths - 3/17/20,deaths - 3/18/20,deaths - 3/19/20,deaths - 3/20/20,deaths - 3/21/20,deaths - 3/22/20,deaths - 3/23/20,deaths - 3/24/20,deaths - 3/25/20,deaths - 3/26/20,deaths - 3/27/20,deaths - 3/28/20,deaths - 3/29/20,deaths - 3/30/20,deaths - 3/31/20,deaths - 4/1/20,deaths - 4/2/20,deaths - 4/3/20,deaths - 4/4/20,deaths - 4/5/20,deaths - 4/6/20,deaths - 4/7/20,deaths - 4/8/20,deaths - 4/9/20,deaths - 4/10/20,deaths - 4/11/20,deaths - 4/12/20,deaths - 4/13/20,deaths - 4/14/20,deaths - 4/15/20,deaths - 4/16/20,deaths - 4/17/20,deaths - 4/18/20,deaths - 4/19/20,deaths - 4/20/20,deaths - 4/21/20,deaths - 4/22/20,deaths - 4/23/20,deaths - 4/24/20,deaths - 4/25/20,deaths - 4/26/20,deaths - 4/27/20,deaths - 4/28/20,deaths - 4/29/20,deaths - 4/30/20,deaths - 5/1/20,deaths - 5/2/20,deaths - 5/3/20,deaths - 5/4/20,deaths - 5/5/20,deaths - 5/6/20,deaths - 5/7/20,deaths - 5/8/20,deaths - 5/9/20,deaths - 5/10/20,deaths - 5/11/20,deaths - 5/12/20,deaths - 5/13/20,deaths - 5/14/20,deaths - 5/15/20,deaths - 5/16/20,deaths - 5/17/20,deaths - 5/18/20,deaths - 5/19/20,deaths - 5/20/20,deaths - 5/21/20,deaths - 5/22/20,deaths - 5/23/20,deaths - 5/24/20,deaths - 5/25/20,deaths - 5/26/20,deaths - 5/27/20,deaths - 5/28/20,deaths - 5/29/20,deaths - 5/30/20,deaths - 5/31/20,deaths - 6/1/20,deaths - 6/2/20,deaths - 6/3/20,deaths - 6/4/20,deaths - 6/5/20,deaths - 6/6/20,deaths - 6/7/20,deaths - 6/8/20,deaths - 6/9/20,deaths - 6/10/20,deaths - 6/11/20,deaths - 6/12/20,deaths - 6/13/20,deaths - 6/14/20,deaths - 6/15/20,deaths - 6/16/20,deaths - 6/17/20,deaths - 6/18/20,deaths - 6/19/20,deaths - 6/20/20,deaths - 6/21/20,deaths - 6/22/20,deaths - 6/23/20,deaths - 6/24/20,deaths - 6/25/20,deaths - 6/26/20,deaths - 6/27/20,deaths - 6/28/20,deaths - 6/29/20,deaths - 6/30/20,deaths - 7/1/20,deaths - 7/2/20,deaths - 7/3/20,deaths - 7/4/20,deaths - 7/5/20,deaths - 7/6/20,deaths - 7/7/20,deaths - 7/8/20,deaths - 7/9/20,deaths - 7/10/20,deaths - 7/11/20,deaths - 7/12/20,deaths - 7/13/20,deaths - 7/14/20,deaths - 7/15/20,deaths - 7/16/20,deaths - 7/17/20,deaths - 7/18/20,deaths - 7/19/20,deaths - 7/20/20,deaths - 7/21/20,deaths - 7/22/20,deaths - 7/23/20,deaths - 7/24/20,deaths - 7/25/20,deaths - 7/26/20,deaths - 7/27/20,deaths - 7/28/20,deaths - 7/29/20,deaths - 7/30/20,deaths - 7/31/20,deaths - 8/1/20,deaths - 8/2/20,deaths - 8/3/20,deaths - 8/4/20,deaths - 8/5/20,deaths - 8/6/20,deaths - 8/7/20,deaths - 8/8/20,deaths - 8/9/20,deaths - 8/10/20,deaths - 8/11/20,deaths - 8/12/20,deaths - 8/13/20,deaths - 8/14/20,deaths - 8/15/20,deaths - 8/16/20,deaths - 8/17/20,deaths - 8/18/20,deaths - 8/19/20,deaths - 8/20/20,deaths - 8/21/20,deaths - 8/22/20,deaths - 8/23/20,deaths - 8/24/20,deaths - 8/25/20,deaths - 8/26/20,deaths - 8/27/20,deaths - 8/28/20,deaths - 8/29/20,deaths - 8/30/20,deaths - 8/31/20,deaths - 9/1/20,deaths - 9/2/20,deaths - 9/3/20,deaths - 9/4/20,deaths - 9/5/20,deaths - 9/6/20,deaths - 9/7/20,deaths - 9/8/20,deaths - 9/9/20,deaths - 9/10/20,deaths - 9/11/20,deaths - 9/12/20,deaths - 9/13/20,deaths - 9/14/20,deaths - 9/15/20,deaths - 9/16/20
AK,0,0,0,0,0,0,0,0,0,0,0,0,0,0,0,0,0,0,0,0,0,0,0,0,0,0,0,0,0,0,0,0,0,0,0,0,0,0,0,0,0,0,0,0,0,0,0,0,0,0,0,0,0,0,0,0,0,0,0,0,0,0,0,0,0,14,0,14,0,0,0,0,0,27,27,0,0,14,0,0,14,0,0,14,0,0,0,0,0,0,0,0,0,0,0,0,0,0,0,0,0,0,0,0,0,14,0,0,0,0,0,0,0,0,0,0,0,0,0,0,0,0,0,0,0,0,0,0,0,0,0,0,0,0,0,0,0,0,0,14,0,0,14,0,0,0,0,0,0,0,0,0,0,0,0,0,0,0,0,0,0,0,0,0,0,0,0,0,0,0,0,0,0,0,55,0,0,0,14,0,0,0,14,0,0,14,0,14,0,14,14,0,27,0,14,0,0,0,0,14,0,0,0,0,14,0,14,0,0,14,0,0,14,14,14,0,55,14,0,0,0,0,0,27,0,14,0,27,0,0,0,0,0,14,14,0,0,0,0
AL,0,0,0,0,0,0,0,0,0,0,0,0,0,0,0,0,0,0,0,0,0,0,0,0,0,0,0,0,0,0,0,0,0,0,0,0,0,0,0,0,0,0,0,0,0,0,0,0,0,0,0,0,0,0,0,0,0,0,0,0,0,0,0,2,0,2,2,2,4,14,6,2,8,10,10,2,14,18,0,20,4,2,0,24,4,14,29,29,4,0,59,67,41,29,8,12,18,27,43,16,37,0,4,16,35,55,55,27,14,6,20,75,20,45,24,0,6,2,29,45,14,24,20,14,16,29,6,45,10,16,22,29,14,0,2,39,29,6,51,22,33,22,29,8,0,12,22,10,39,24,35,2,2,49,51,12,22,24,0,22,39,49,27,43,2,0,0,53,51,20,73,20,14,4,84,96,39,69,43,2,10,24,120,63,88,35,37,41,0,96,55,31,47,49,12,67,57,37,43,41,27,59,100,69,14,8,6,4,51,22,20,59,41,45,4,22,27,16,63,63,92,20,41,37,35,33,65,14,2,0,2,14,41,63,35,2,6,69,10
AR,0,0,0,0,0,0,0,0,0,0,0,0,0,0,0,0,0,0,0,0,0,0,0,0,0,0,0,0,0,0,0,0,0,0,0,0,0,0,0,0,0,0,0,0,0,0,0,0,0,0,0,0,0,0,0,0,0,0,0,0,0,0,0,0,0,13,3,0,7,0,7,7,0,3,7,7,7,0,10,10,3,7,0,17,3,10,0,3,3,10,0,7,3,7,3,10,3,20,7,7,10,27,10,17,10,13,3,0,0,10,10,3,7,3,0,0,0,7,7,17,10,10,7,3,3,7,3,17,23,3,0,0,7,17,30,3,7,0,7,20,13,20,17,3,7,10,20,30,36,20,33,3,7,33,10,0,30,33,17,3,17,23,7,7,17,3,17,30,13,13,13,20,7,7,27,13,20,40,10,0,20,36,20,20,27,17,7,23,0,86,27,36,20,10,43,50,60,23,23,46,23,36,36,23,30,13,43,0,10,50,46,33,76,36,43,30,50,73,20,50,56,43,43,60,89,66,40,30,40,50,30,36,40,43,0,93,36,60,487
AZ,0,0,0,0,0,0,0,0,0,0,0,0,0,0,0,0,0,0,0,0,0,0,0,0,0,0,0,0,0,0,0,0,0,0,0,0,0,0,0,0,0,0,0,0,0,0,0,0,0,0,0,0,0,0,0,0,0,0,0,1,1,0,4,0,4,0,3,4,1,10,4,11,10,16,14,0,12,12,8,14,12,14,10,11,15,11,26,11,11,4,29,27,29,23,10,3,0,23,15,22,14,25,19,0,23,65,33,91,21,5,8,27,44,41,37,38,1,8,25,59,19,16,34,1,7,3,32,33,40,23,19,0,34,54,21,21,43,14,0,33,34,40,21,54,8,11,36,27,47,55,36,3,4,73,93,29,70,60,12,0,60,121,0,93,23,3,4,161,48,104,60,95,118,11,126,133,80,125,199,45,32,183,78,120,306,0,23,3,143,65,234,93,73,27,18,89,120,99,107,77,15,4,67,203,48,55,95,18,1,29,140,73,8,95,19,0,30,143,45,66,40,26,0,23,32,89,56,49,15,0,3,43,30,21,30,15,0,30,38
CA,0,0,0,0,0,0,0,0,0,0,0,0,0,0,0,0,0,0,0,0,0,0,0,0,0,0,0,0,0,0,0,0,0,0,0,0,0,0,0,0,0,0,0,0,0,0,0,0,0,0,0,0,0,1,1,1,1,1,1,1,2,2,3,4,4,4,5,3,4,8,8,8,10,10,7,9,15,14,10,13,9,11,12,13,25,23,10,34,8,12,24,29,25,21,20,6,16,23,19,23,25,14,6,19,24,21,20,22,16,7,15,25,23,20,27,13,8,11,31,23,26,18,17,4,4,14,23,20,20,17,8,0,36,17,17,21,17,7,6,23,27,19,14,18,7,8,21,20,19,17,17,5,15,14,26,20,15,8,8,12,27,20,56,-18,5,2,28,29,37,35,26,19,6,12,36,33,31,14,40,3,15,30,40,39,35,23,6,24,43,45,29,55,35,8,29,49,42,34,47,25,22,23,44,41,47,38,19,4,27,46,42,33,41,37,9,27,38,36,35,28,27,8,21,37,40,42,39,16,5,8,13,45,15,54,18,13,21,37,24
CO,0,0,0,0,0,0,0,0,0,0,0,0,0,0,0,0,0,0,0,0,0,0,0,0,0,0,0,0,0,0,0,0,0,0,0,0,0,0,0,0,0,0,0,0,0,0,0,0,0,0,0,2,0,0,0,2,0,0,3,3,2,0,0,21,9,10,23,5,12,26,19,30,24,26,23,19,50,23,59,40,43,28,0,66,47,30,30,35,19,47,64,38,76,189,17,14,43,54,52,19,75,21,17,16,85,35,40,26,14,7,30,40,92,54,102,73,38,17,57,71,17,23,9,7,5,33,71,50,24,12,3,21,28,35,30,19,7,0,28,19,35,19,21,5,2,9,23,17,9,7,7,0,7,17,3,2,14,0,0,14,12,12,0,7,0,0,2,7,16,3,31,2,0,3,17,10,3,10,2,0,10,9,14,26,7,7,0,9,0,36,2,28,7,2,0,7,3,3,5,3,2,9,23,0,10,10,14,2,0,5,3,5,12,12,0,0,10,7,7,10,10,0,3,2,9,5,21,0,7,5,0,5,5,10,5,0,3,10,10
CT,0,0,0,0,0,0,0,0,0,0,0,0,0,0,0,0,0,0,0,0,0,0,0,0,0,0,0,0,0,0,0,0,0,0,0,0,0,0,0,0,0,0,0,0,0,0,0,0,0,0,0,0,0,0,0,0,3,6,3,3,8,6,6,20,6,17,17,3,6,87,45,76,62,90,67,50,191,165,126,185,126,171,135,194,558,289,182,137,112,572,258,325,269,359,278,182,244,210,224,247,236,275,163,168,219,238,219,216,163,98,115,93,230,269,185,151,196,112,65,160,149,157,104,59,137,70,93,73,118,123,84,0,84,48,50,87,48,45,36,28,67,79,36,76,39,8,17,28,20,34,36,25,8,39,28,31,25,11,14,6,6,11,6,25,0,0,8,0,14,14,0,0,0,56,11,22,22,20,0,0,28,0,3,11,8,0,0,14,0,20,14,3,0,0,8,0,0,6,11,0,0,8,0,17,0,8,0,0,3,0,0,3,8,0,0,0,11,3,3,0,0,0,6,3,3,3,0,0,0,0,17,0,11,6,0,0,14,0,6
DC,0,0,0,0,0,0,0,0,0,0,0,0,0,0,0,0,0,0,0,0,0,0,0,0,0,0,0,0,0,0,0,0,0,0,0,0,0,0,0,0,0,0,0,0,0,0,0,0,0,0,0,0,0,0,0,0,0,0,14,0,14,0,0,14,0,14,14,57,0,28,14,43,85,0,14,0,0,0,0,0,0,0,0,638,71,128,71,71,71,128,99,213,170,198,170,184,99,71,213,269,99,128,156,99,85,0,298,269,99,170,71,113,198,113,142,99,113,128,113,99,71,85,128,71,113,0,71,113,99,28,57,28,28,43,28,57,57,85,28,57,57,43,57,71,57,0,71,43,57,43,14,28,28,28,57,28,43,28,28,14,0,28,14,14,28,28,28,0,43,57,0,0,0,0,43,43,43,0,14,0,14,14,14,0,0,0,14,14,0,14,14,0,0,14,0,14,0,0,28,14,14,0,28,0,14,0,43,0,0,28,14,14,14,28,0,0,0,14,0,0,0,14,14,0,14,14,28,0,0,0,0,57,14,0,0,0,0,0,14
DE,0,0,0,0,0,0,0,0,0,0,0,0,0,0,0,0,0,0,0,0,0,0,0,0,0,0,0,0,0,0,0,0,0,0,0,0,0,0,0,0,0,0,0,0,0,0,0,0,0,0,0,0,0,0,0,0,0,0,0,0,0,0,0,0,0,21,31,10,10,31,10,10,21,0,0,10,10,31,41,92,10,21,0,82,31,62,92,62,0,51,103,72,31,82,123,82,51,123,72,82,72,92,92,51,51,62,92,0,0,0,216,134,103,134,113,154,41,72,72,62,72,51,21,21,62,41,92,10,113,51,51,21,51,21,103,31,21,82,0,123,31,10,0,51,31,10,10,21,51,21,10,10,0,698,10,21,0,0,0,0,10,10,21,0,21,0,0,21,10,10,0,-10,0,0,62,0,0,21,0,0,0,21,21,21,503,10,0,0,0,21,0,21,21,0,0,21,0,0,10,21,10,0,0,0,10,0,0,0,0,0,31,0,51,0,0,31,0,10,0,0,0,0,10,0,10,0,0,21,10,0,0,0,41,0,0,21,21,10,10
FL,0,0,0,0,0,0,0,0,0,0,0,0,0,0,0,0,0,0,0,0,0,0,0,0,0,0,0,0,0,0,0,0,0,0,0,0,0,0,0,0,0,0,0,0,1,0,0,0,0,0,0,0,0,0,1,0,0,0,0,0,2,2,1,2,3,7,5,1,6,7,6,22,12,12,12,15,20,13,22,23,13,7,0,51,20,25,27,11,11,23,20,28,28,27,4,9,7,39,22,23,22,23,7,9,32,31,28,33,21,3,7,20,22,22,20,21,5,11,26,20,23,21,20,2,7,3,28,21,23,16,2,4,33,16,20,25,13,6,5,25,16,22,14,22,3,3,26,12,20,20,19,8,5,30,21,21,18,11,13,13,27,22,31,31,8,14,22,29,23,56,43,44,21,16,61,52,73,54,47,40,42,62,65,81,63,58,35,36,0,187,118,120,83,29,34,114,105,56,84,85,36,42,129,99,69,106,95,49,41,102,81,54,57,49,24,34,85,71,62,42,68,7,32,87,59,69,47,28,18,10,21,93,99,81,44,5,17,68,71
GA,0,0,0,0,0,0,0,0,0,0,0,0,0,0,0,0,0,0,0,0,0,0,0,0,0,0,0,0,0,0,0,0,0,0,0,0,0,0,0,0,0,0,0,0,0,0,0,0,0,0,1,0,0,0,0,0,0,8,0,5,5,1,11,1,0,28,11,4,21,21,27,17,21,9,10,69,46,23,37,14,11,9,0,73,49,37,50,8,13,73,44,26,31,19,7,10,68,39,55,35,31,7,6,55,47,34,22,40,2,2,47,35,21,30,36,9,8,38,33,20,74,29,15,5,22,45,36,28,30,1,38,37,24,22,23,8,10,2,86,14,56,42,30,19,5,50,30,41,19,32,1,0,14,39,25,31,20,2,1,15,10,24,18,4,3,1,20,19,19,16,49,4,2,15,0,60,14,25,27,5,2,65,75,27,74,47,4,12,0,119,33,73,66,13,2,70,57,40,81,62,11,29,107,103,78,32,87,32,20,60,51,52,87,89,36,24,94,44,78,74,92,25,25,92,59,63,57,46,54,7,24,53,71,42,39,43,19,43,19
HI,0,0,0,0,0,0,0,0,0,0,0,0,0,0,0,0,0,0,0,0,0,0,0,0,0,0,0,0,0,0,0,0,0,0,0,0,0,0,0,0,0,0,0,0,0,0,0,0,0,0,0,0,0,0,0,0,0,0,0,0,0,0,0,0,0,0,0,0,0,7,7,0,7,0,7,7,7,0,0,14,0,7,0,0,0,0,0,0,0,0,0,0,0,0,0,0,0,0,49,0,0,0,7,0,0,0,0,0,0,0,0,0,0,0,0,0,0,0,0,0,0,0,0,0,0,0,0,0,0,0,0,0,0,0,0,0,0,0,0,0,0,0,0,0,0,0,0,0,0,0,0,0,0,0,0,0,0,7,0,0,0,0,0,7,0,0,0,0,0,0,0,0,0,14,0,0,0,7,7,0,0,0,7,7,0,0,0,0,0,0,0,0,0,0,0,7,0,14,14,0,0,21,0,28,14,0,0,0,0,7,7,21,7,7,0,14,0,14,28,28,21,7,49,28,7,28,14,21,7,7,14,21,21,14,7,14,0,7,21
IA,0,0,0,0,0,0,0,0,0,0,0,0,0,0,0,0,0,0,0,0,0,0,0,0,0,0,0,0,0,0,0,0,0,0,0,0,0,0,0,0,0,0,0,0,0,0,0,0,0,0,0,0,0,0,0,0,0,0,0,0,0,0,3,0,0,6,0,3,6,3,6,6,0,0,19,25,3,3,0,13,10,22,0,6,32,22,13,32,3,13,13,22,19,35,16,19,29,29,38,44,25,16,25,13,60,38,38,38,29,41,19,57,57,38,57,32,16,13,35,48,60,57,82,16,22,22,70,48,63,22,16,16,70,19,41,32,32,13,16,48,22,29,13,22,3,10,25,32,16,13,3,13,3,6,6,10,25,6,0,13,19,13,0,10,3,0,3,10,22,25,10,16,3,13,10,6,60,16,16,16,3,19,29,22,16,19,0,10,0,48,32,35,22,6,16,19,25,41,19,41,16,3,19,38,16,32,29,6,13,25,51,25,19,41,16,16,29,41,57,35,44,10,10,32,13,25,10,76,16,6,19,38,63,10,0,32,10,38,3
ID,0,0,0,0,0,0,0,0,0,0,0,0,0,0,0,0,0,0,0,0,0,0,0,0,0,0,0,0,0,0,0,0,0,0,0,0,0,0,0,0,0,0,0,0,0,0,0,0,0,0,0,0,0,0,0,0,0,0,0,0,0,0,0,0,17,6,6,6,6,11,0,0,6,0,0,6,17,17,34,11,11,0,34,34,11,0,11,6,6,17,17,17,0,0,11,0,11,0,11,11,0,6,0,0,11,6,6,0,0,0,11,0,0,17,6,0,0,6,11,0,0,11,0,0,0,17,6,0,0,0,0,6,0,0,0,0,0,0,0,11,0,0,6,0,0,11,0,0,6,0,0,0,0,0,6,0,0,6,0,0,6,0,0,0,0,0,11,0,22,11,6,6,0,0,6,39,22,0,28,0,17,22,50,17,34,11,0,34,39,73,22,73,39,0,22,56,39,34,34,34,11,11,39,0,28,78,22,0,22,50,50,0,73,11,0,45,67,62,34,56,28,0,17,39,22,0,56,11,0,6,22,84,17,28,17,0,22,22,34
IL,0,0,0,0,0,0,0,0,0,0,0,0,0,0,0,0,0,0,0,0,0,0,0,0,0,0,0,0,0,0,0,0,0,0,0,0,0,0,0,0,0,0,0,0,0,0,0,0,0,0,0,0,0,0,0,1,0,2,1,1,2,2,4,2,6,2,14,14,6,21,32,13,41,28,24,26,58,65,52,54,64,34,0,117,63,98,47,99,24,47,94,77,96,84,64,47,39,112,70,110,80,78,50,32,140,107,108,103,84,47,42,113,150,107,103,56,39,45,114,116,65,85,59,51,23,31,125,81,66,48,47,17,89,76,91,47,54,32,16,74,61,71,59,23,15,14,57,69,41,34,36,17,18,28,50,32,30,21,12,11,17,22,0,43,7,5,5,28,28,14,21,19,15,5,21,6,20,17,14,4,6,18,18,15,14,9,2,13,0,34,14,15,6,11,7,15,23,16,16,13,4,1,16,12,19,20,5,13,9,21,19,21,19,13,5,6,23,29,19,16,9,9,6,30,21,19,22,19,4,6,6,21,21,26,18,11,4,14,28
IN,0,0,0,0,0,0,0,0,0,0,0,0,0,0,0,0,0,0,0,0,0,0,0,0,0,0,0,0,0,0,0,0,0,0,0,0,0,0,0,0,0,0,0,0,0,0,0,0,0,0,0,0,0,0,3,0,0,0,1,1,3,1,3,7,1,0,22,3,4,21,24,19,36,21,16,18,51,45,62,80,46,19,0,65,73,61,62,39,25,10,91,46,0,0,0,0,0,0,449,65,82,79,25,28,92,76,46,49,51,25,48,49,55,37,65,68,16,21,80,61,71,40,31,18,9,27,31,52,58,0,34,13,67,13,31,42,48,16,21,34,21,37,25,25,13,16,21,36,22,34,28,6,19,21,12,13,13,31,4,7,22,12,19,28,9,0,16,30,22,0,7,28,6,3,19,15,15,12,25,3,4,25,25,25,6,16,9,4,0,36,19,36,0,6,6,18,18,10,13,21,1,4,37,22,30,12,22,4,9,42,21,16,19,13,3,13,33,333,12,16,10,9,7,25,19,10,25,19,3,6,18,25,19,15,24,1,3,31,18
KS,0,0,0,0,0,0,0,0,0,0,0,0,0,0,0,0,0,0,0,0,0,0,0,0,0,0,0,0,0,0,0,0,0,0,0,0,0,0,0,0,0,0,0,0,0,0,0,0,0,0,3,0,0,0,0,0,0,0,0,3,0,0,0,3,0,0,3,0,17,3,0,10,10,10,3,3,27,21,24,14,17,3,24,17,34,21,7,10,31,27,0,34,3,3,21,7,14,7,21,3,21,3,10,38,17,10,0,14,17,0,21,17,3,14,10,7,0,3,3,17,7,0,3,0,10,7,3,10,0,0,0,3,21,14,0,24,0,0,14,0,7,0,17,0,0,7,0,7,0,10,27,3,0,7,0,7,17,10,3,7,7,7,0,0,0,0,24,3,3,17,0,-10,17,14,0,14,0,10,3,0,21,7,10,0,34,0,21,10,21,17,24,10,7,10,17,0,7,24,7,3,0,3,38,21,24,3,10,0,0,10,14,27,14,14,3,3,3,38,3,3,7,3,3,10,7,38,24,21,14,3,7,24,7,62,31,0,41,0,117
KY,0,0,0,0,0,0,0,0,0,0,0,0,0,0,0,0,0,0,0,0,0,0,0,0,0,0,0,0,0,0,0,0,0,0,0,0,0,0,0,0,0,0,0,0,0,0,0,0,0,0,0,0,0,2,0,0,0,2,0,2,0,2,0,2,0,9,2,0,0,16,7,25,9,7,11,25,16,9,20,27,4,0,36,25,13,16,18,18,9,13,38,31,13,20,11,7,11,27,22,11,18,0,11,18,31,18,25,9,13,0,16,22,11,4,9,4,0,27,45,22,22,11,0,0,0,7,13,20,20,29,0,18,7,18,16,18,9,0,4,13,13,22,9,2,0,11,13,16,4,7,4,4,0,25,2,18,16,2,9,4,11,16,18,9,0,0,18,20,13,9,18,4,7,9,13,22,11,18,20,7,2,2,7,16,16,11,9,20,0,34,16,9,11,4,4,16,2,18,16,18,2,4,18,16,13,20,11,7,9,29,27,31,18,18,0,31,20,16,18,18,7,0,29,29,45,22,25,13,7,0,2,36,49,20,29,7,11,20,18
LA,0,0,0,0,0,0,0,0,0,0,0,0,0,0,0,0,0,0,0,0,0,0,0,0,0,0,0,0,0,0,0,0,0,0,0,0,0,0,0,0,0,0,0,0,0,0,0,0,0,0,0,0,2,2,2,2,6,6,9,13,0,30,22,43,39,77,39,37,69,105,73,86,125,90,138,80,144,155,108,114,105,73,0,381,189,120,125,116,60,67,161,151,146,131,92,56,56,127,95,129,138,49,41,45,108,108,90,39,86,37,60,84,95,73,73,65,26,32,41,60,43,60,58,15,39,24,41,41,95,0,11,11,71,77,28,62,28,24,13,28,26,39,22,17,19,11,49,43,0,47,43,2,26,39,39,26,56,0,19,9,49,39,37,47,0,24,17,49,43,34,54,47,28,15,47,30,52,52,0,69,67,75,127,39,65,0,103,49,0,207,86,54,0,125,37,58,88,108,131,0,120,52,56,90,86,65,0,166,41,60,75,58,112,0,129,39,69,71,49,65,0,56,43,71,43,37,32,0,120,24,30,34,45,88,0,73,37,56,39
MA,0,0,0,0,0,0,0,0,0,0,0,0,0,0,0,0,0,0,0,0,0,0,0,0,0,0,0,0,0,0,0,0,0,0,0,0,0,0,0,0,0,0,0,0,0,0,0,0,0,0,0,0,0,0,0,0,0,0,1,1,4,0,3,6,15,15,13,6,12,48,48,46,55,36,22,41,138,109,102,139,126,102,125,164,219,196,226,225,210,161,221,319,257,281,251,244,160,221,367,228,222,192,225,125,177,308,192,218,200,199,187,49,252,244,160,164,133,94,110,186,119,116,110,97,64,83,106,133,112,74,112,264,75,97,74,54,77,39,54,77,67,54,68,55,70,33,28,100,51,44,39,41,23,30,70,38,64,35,15,17,-1,42,73,23,35,17,22,22,44,36,41,20,20,9,13,36,19,30,26,15,9,28,26,23,38,0,28,10,22,42,22,20,25,17,15,13,3,46,26,17,20,9,15,0,0,0,0,0,0,0,183,17,0,48,0,41,17,38,30,23,16,19,13,4,0,25,33,22,13,12,12,7,30,20,23,20,13,10,28
MD,0,0,0,0,0,0,0,0,0,0,0,0,0,0,0,0,0,0,0,0,0,0,0,0,0,0,0,0,0,0,0,0,0,0,0,0,0,0,0,0,0,0,0,0,0,0,0,0,0,0,0,0,0,0,0,0,2,0,2,2,0,0,2,0,0,2,8,8,0,3,15,10,10,25,23,40,20,33,25,55,51,50,0,76,35,55,33,15,78,41,71,91,79,0,170,22,152,81,124,101,38,139,73,43,101,89,83,83,86,63,36,114,111,81,81,81,71,41,96,84,83,74,71,101,194,7,33,31,0,74,43,36,253,76,68,53,68,30,18,68,48,43,55,43,33,18,30,46,41,28,36,18,23,25,26,28,31,25,13,15,18,31,10,23,22,7,17,20,28,18,26,13,18,10,10,20,12,8,28,8,15,26,25,12,0,18,0,10,0,78,0,15,17,18,5,15,22,15,18,22,13,10,20,22,17,15,12,10,3,10,15,12,17,13,12,8,12,20,17,10,23,15,5,8,10,17,15,18,10,5,7,5,17,8,13,8,2,5,15
ME,0,0,0,0,0,0,0,0,0,0,0,0,0,0,0,0,0,0,0,0,0,0,0,0,0,0,0,0,0,0,0,0,0,0,0,0,0,0,0,0,0,0,0,0,0,0,0,0,0,0,0,0,0,0,0,0,0,0,0,0,0,0,0,0,0,7,0,15,0,15,15,0,15,7,0,0,15,15,15,7,15,0,0,7,22,22,22,22,15,7,7,22,37,22,22,0,7,0,7,7,15,7,7,0,30,7,0,7,7,0,7,0,7,22,0,7,0,7,15,0,0,15,15,7,0,7,15,22,7,30,0,0,37,7,0,22,0,7,0,7,0,0,0,0,0,7,0,7,0,0,0,0,0,0,7,0,0,7,0,7,0,0,0,15,15,0,7,0,7,0,0,22,0,0,0,0,7,15,0,0,0,7,0,0,0,7,0,0,15,0,7,7,0,0,0,0,7,0,0,7,0,0,7,0,0,0,7,0,0,0,0,7,7,7,7,0,0,7,0,0,0,0,0,0,7,0,7,0,0,0,0,0,0,0,0,0,0,0,30
MI,0,0,0,0,0,0,0,0,0,0,0,0,0,0,0,0,0,0,0,0,0,0,0,0,0,0,0,0,0,0,0,0,0,0,0,0,0,0,0,0,0,0,0,0,0,0,0,0,0,0,0,0,0,0,0,0,1,0,2,2,1,8,9,18,16,29,18,23,57,75,75,82,61,61,76,111,117,113,115,202,104,90,0,287,149,173,132,79,81,75,236,111,162,106,184,41,86,159,103,116,76,154,29,81,41,72,90,51,132,23,30,88,39,74,38,56,10,24,99,43,67,29,61,5,13,27,68,36,33,55,28,23,36,19,25,258,36,4,17,32,10,28,7,25,3,3,16,2,26,6,19,3,6,12,6,18,3,19,4,4,31,5,13,3,4,0,3,30,11,8,15,28,1,5,5,4,18,7,10,2,6,7,3,4,1,5,0,3,0,26,18,8,5,1,6,9,5,28,6,4,2,7,9,6,16,11,20,6,3,15,10,18,0,21,2,4,21,5,18,6,0,33,5,15,14,12,6,6,0,5,2,60,20,7,12,0,9,12,11
MN,0,0,0,0,0,0,0,0,0,0,0,0,0,0,0,0,0,0,0,0,0,0,0,0,0,0,0,0,0,0,0,0,0,0,0,0,0,0,0,0,0,0,0,0,0,0,0,0,0,0,0,0,0,0,0,0,0,0,2,0,0,0,0,0,2,2,4,7,0,0,7,2,14,4,7,2,9,9,20,12,12,11,0,14,14,14,30,18,23,16,30,34,35,37,41,50,25,27,32,43,48,43,43,16,48,55,41,46,43,35,23,41,43,44,34,30,37,16,30,51,57,57,18,30,23,32,59,62,51,55,25,18,39,25,51,59,37,28,20,37,34,23,44,16,27,11,16,21,32,35,20,14,7,16,7,16,9,11,14,18,9,7,23,14,0,7,5,5,12,7,9,5,5,4,5,12,30,12,9,0,0,0,0,0,0,0,0,0,0,12,46,51,11,16,2,7,16,12,7,14,16,5,11,21,12,12,11,12,12,16,30,12,14,14,11,7,12,27,23,7,7,4,2,11,12,12,18,7,11,5,4,12,27,23,16,23,5,9,11
MO,0,0,0,0,0,0,0,0,0,0,0,0,0,0,0,0,0,0,0,0,0,0,0,0,0,0,0,0,0,0,0,0,0,0,0,0,0,0,0,0,0,0,0,0,0,0,0,0,0,0,0,0,0,0,0,0,2,0,3,0,0,0,3,5,0,2,2,3,2,2,7,2,0,7,16,8,20,10,34,31,20,2,0,39,23,8,20,18,2,2,20,29,18,72,18,2,23,42,7,18,13,23,2,10,29,33,34,52,37,16,8,57,29,33,24,21,10,18,18,23,51,16,8,8,7,2,15,18,49,55,2,0,18,7,3,16,15,0,20,33,13,21,16,11,0,3,3,42,60,5,13,2,8,8,15,11,13,10,0,3,26,5,8,0,0,8,2,20,5,5,20,15,0,23,13,16,16,11,15,-2,7,16,26,33,7,7,24,7,0,31,21,16,16,0,3,16,10,15,31,0,10,0,11,18,3,13,20,34,49,10,18,5,3,10,2,0,23,16,2,23,51,18,37,15,7,5,26,125,33,2,3,18,31,16,5,2,15,29,11
MS,0,0,0,0,0,0,0,0,0,0,0,0,0,0,0,0,0,0,0,0,0,0,0,0,0,0,0,0,0,0,0,0,0,0,0,0,0,0,0,0,0,0,0,0,0,0,0,0,0,0,0,0,0,0,0,0,0,3,0,0,0,0,0,13,3,0,0,27,3,10,10,13,10,20,27,27,27,27,30,20,37,10,0,50,37,24,37,40,24,37,47,30,27,30,37,20,10,34,34,37,67,37,40,24,108,108,74,37,40,34,17,74,27,50,44,60,37,24,87,54,34,54,67,30,34,57,60,77,57,44,37,17,94,50,40,30,27,20,67,34,71,0,44,27,7,13,67,77,0,0,0,0,128,44,74,17,20,44,13,67,47,30,34,37,13,17,7,148,97,50,37,50,60,3,74,57,57,81,57,34,10,104,114,44,94,50,47,24,0,165,114,141,81,27,24,144,118,175,124,67,131,54,108,175,74,108,124,13,37,114,114,91,81,71,17,27,205,181,77,84,44,54,108,67,111,34,67,40,54,3,0,118,97,44,50,50,50,94,74
MT,0,0,0,0,0,0,0,0,0,0,0,0,0,0,0,0,0,0,0,0,0,0,0,0,0,0,0,0,0,0,0,0,0,0,0,0,0,0,0,0,0,0,0,0,0,0,0,0,0,0,0,0,0,0,0,0,0,0,0,0,0,0,0,0,0,0,9,0,19,9,0,0,0,0,0,0,0,0,0,0,0,0,0,0,0,19,9,19,0,0,19,19,0,0,0,0,0,9,9,0,0,0,0,0,0,0,0,0,0,0,0,0,0,0,0,0,0,0,0,0,0,0,0,0,0,9,0,0,0,0,0,0,0,0,0,9,0,0,0,0,0,0,0,0,9,0,0,9,0,0,0,0,9,0,0,0,9,0,0,0,0,0,0,9,0,0,0,0,0,19,28,9,0,28,19,0,9,19,0,0,19,9,19,9,28,0,0,9,0,65,9,47,9,0,28,0,9,9,47,47,0,0,19,28,9,0,9,0,0,19,0,37,0,19,0,9,56,9,0,19,37,0,0,9,37,19,28,19,9,9,9,28,9,75,19,19,28,19,9
NC,0,0,0,0,0,0,0,0,0,0,0,0,0,0,0,0,0,0,0,0,0,0,0,0,0,0,0,0,0,0,0,0,0,0,0,0,0,0,0,0,0,0,0,0,0,0,0,0,0,0,0,0,0,0,0,0,0,0,0,0,0,0,0,1,0,2,1,0,2,2,2,6,3,5,7,2,11,7,10,10,6,1,0,26,8,14,20,11,7,8,31,28,11,15,19,10,7,33,12,23,20,20,2,7,21,24,29,19,16,3,3,25,19,15,25,10,7,2,29,10,13,10,9,7,10,11,28,0,62,20,0,20,22,17,17,7,24,3,10,22,16,16,27,12,5,9,32,13,8,21,14,8,3,26,19,18,2,25,4,3,15,26,16,10,7,1,2,21,19,18,16,11,14,7,39,13,0,39,22,5,8,25,29,27,19,31,7,5,0,68,38,20,38,5,12,27,39,40,40,25,8,4,31,0,79,25,29,4,2,46,33,32,28,25,10,4,31,35,23,23,30,9,10,37,36,23,0,81,1,7,12,46,31,31,23,5,8,49,36
ND,0,0,0,0,0,0,0,0,0,0,0,0,0,0,0,0,0,0,0,0,0,0,0,0,0,0,0,0,0,0,0,0,0,0,0,0,0,0,0,0,0,0,0,0,0,0,0,0,0,0,0,0,0,0,0,0,0,0,0,0,0,0,0,0,0,13,0,0,26,0,0,0,0,0,0,0,13,0,13,26,0,13,13,0,0,0,0,0,13,39,0,13,13,0,13,13,26,0,0,0,52,13,13,0,0,79,0,26,13,13,13,26,26,0,26,0,13,13,13,52,26,13,0,13,13,0,26,13,26,0,0,26,52,13,0,66,13,0,0,0,13,13,0,0,0,0,0,0,13,13,0,13,0,13,0,0,0,0,13,0,0,13,0,0,0,0,0,52,13,0,0,26,0,0,13,0,13,13,0,26,13,13,26,13,26,0,0,0,13,26,13,0,0,26,0,26,13,13,13,26,0,0,79,26,0,13,0,39,26,26,26,0,26,39,13,13,13,0,13,0,26,13,13,26,39,26,0,66,13,0,0,13,39,52,39,13,26,26,0
NE,0,0,0,0,0,0,0,0,0,0,0,0,0,0,0,0,0,0,0,0,0,0,0,0,0,0,0,0,0,0,0,0,0,0,0,0,0,0,0,0,0,0,0,0,0,0,0,0,0,0,0,0,0,0,0,0,0,0,0,0,0,0,0,0,0,10,0,0,5,5,5,5,0,0,0,0,0,0,0,0,0,0,0,0,0,0,0,0,0,0,0,0,0,0,0,0,0,0,331,10,16,16,5,0,16,21,21,5,21,16,10,10,16,31,26,21,0,10,16,36,31,21,0,16,0,16,47,5,26,0,5,41,16,26,5,5,5,0,0,16,21,88,21,0,0,21,57,16,26,26,0,0,26,31,5,10,31,5,0,5,26,5,31,10,0,0,-5,-5,16,0,0,10,0,16,0,16,47,10,0,0,36,21,5,26,16,0,0,5,0,36,21,26,0,0,0,0,0,16,26,26,0,0,16,16,26,21,5,0,0,0,36,16,10,16,5,21,5,10,26,5,5,0,26,16,0,21,0,0,0,0,16,78,31,36,0,0,5,5,16
NH,0,0,0,0,0,0,0,0,0,0,0,0,0,0,0,0,0,0,0,0,0,0,0,0,0,0,0,0,0,0,0,0,0,0,0,0,0,0,0,0,0,0,0,0,0,0,0,0,0,0,0,0,0,0,0,0,0,0,0,0,0,7,0,0,0,7,0,7,0,0,7,7,15,15,0,0,29,37,22,7,7,0,0,29,37,15,22,7,22,7,0,44,22,15,51,0,0,0,44,44,66,22,15,0,44,140,22,51,74,15,0,66,59,7,59,88,7,0,74,59,66,37,29,7,7,29,66,66,37,37,22,0,81,66,59,37,37,22,0,59,51,51,51,22,15,0,44,29,7,44,15,0,0,29,29,74,59,15,0,0,29,15,15,7,0,37,7,15,15,7,22,7,0,0,7,15,7,0,7,15,0,15,15,22,29,0,0,0,0,15,29,0,7,7,0,7,0,7,0,0,0,0,0,7,15,7,0,0,0,7,22,7,0,7,0,0,0,7,7,7,0,0,0,0,0,0,0,0,7,0,0,0,7,0,7,7,0,0,15
NJ,0,0,0,0,0,0,0,0,0,0,0,0,0,0,0,0,0,0,0,0,0,0,0,0,0,0,0,0,0,0,0,0,0,0,0,0,0,0,0,0,0,0,0,0,0,0,0,1,0,0,0,0,0,1,1,0,0,5,2,6,7,5,19,0,21,35,54,0,2,75,165,200,122,215,81,95,269,307,221,263,283,188,0,512,395,406,363,260,151,196,424,0,0,973,277,84,119,447,370,516,349,230,144,45,376,343,284,169,185,158,62,223,218,275,216,125,120,89,170,181,108,160,107,56,15,54,167,70,146,115,71,28,55,124,101,88,64,77,46,100,83,73,53,110,42,55,55,46,37,43,25,16,27,61,51,28,47,2124,29,19,51,48,33,64,28,25,20,57,59,128,35,48,0,37,21,60,25,12,10,11,9,9,11,21,27,8,2,3,0,19,12,10,10,6,8,0,14,8,0,17,5,5,11,6,8,9,5,1,0,7,5,2,5,1,0,0,2,2,8,8,3,5,8,8,15,9,9,8,5,2,6,12,7,10,5,5,3,11,12
NM,0,0,0,0,0,0,0,0,0,0,0,0,0,0,0,0,0,0,0,0,0,0,0,0,0,0,0,0,0,0,0,0,0,0,0,0,0,0,0,0,0,0,0,0,0,0,0,0,0,0,0,0,0,0,0,0,0,0,0,0,0,0,0,0,5,0,5,0,0,14,5,5,14,5,5,0,5,14,5,10,5,29,0,24,0,62,33,10,10,14,0,62,33,29,43,29,0,29,33,52,38,33,57,0,57,33,14,43,48,43,38,52,57,52,52,0,0,81,29,33,52,38,0,0,86,24,19,29,43,33,24,29,24,0,76,19,24,14,19,19,29,52,0,52,19,24,33,24,0,57,10,14,0,33,19,24,19,10,5,5,19,14,14,38,10,0,10,19,38,29,29,19,10,14,14,29,24,14,19,10,33,48,14,24,24,29,33,24,0,62,14,33,43,14,5,14,43,10,29,29,19,24,14,10,10,29,38,14,19,24,29,24,24,19,10,10,14,24,43,14,10,5,43,38,14,5,14,29,14,19,0,29,14,10,14,10,0,33,10
NV,0,0,0,0,0,0,0,0,0,0,0,0,0,0,0,0,0,0,0,0,0,0,0,0,0,0,0,0,0,0,0,0,0,0,0,0,0,0,0,0,0,0,0,0,0,0,0,0,0,0,0,0,0,0,3,0,0,0,3,0,0,6,6,0,13,0,13,3,10,26,19,19,16,10,0,0,42,42,32,13,0,0,0,0,0,169,13,32,19,3,13,36,52,26,6,19,3,39,39,19,0,52,13,0,16,62,26,26,16,13,0,26,36,23,39,6,10,0,39,0,0,62,32,6,6,0,10,26,10,13,3,10,3,10,29,10,16,3,13,10,6,39,6,3,3,3,6,19,10,10,23,6,10,6,6,3,10,6,0,13,10,13,42,13,6,13,10,36,16,68,16,32,13,0,62,23,23,36,29,3,3,91,91,10,49,32,6,16,0,65,136,94,6,0,49,49,91,29,65,97,26,19,55,49,114,49,78,10,0,0,0,321,78,6,0,10,97,65,0,120,45,3,0,10,101,0,120,42,10,13,0,62,55,32,32,0,23,84,39
NY,0,0,0,0,0,0,0,0,0,0,0,0,0,0,0,0,0,0,0,0,0,0,0,0,0,0,0,0,0,0,0,0,0,0,0,0,0,0,0,0,0,0,0,0,0,0,0,0,0,0,0,0,1,0,2,1,1,0,0,3,34,29,45,60,50,54,124,58,97,115,194,135,217,326,449,293,405,405,389,523,354,438,170,1243,356,363,223,198,756,308,389,359,324,327,347,246,204,200,228,188,199,225,216,140,167,487,198,146,185,138,122,131,131,124,108,132,109,74,69,94,81,86,67,74,42,56,48,64,59,21,40,83,30,42,55,41,45,33,26,32,42,34,43,32,22,24,20,25,16,48,17,28,19,25,11,17,25,21,14,0,330,6,12,14,11,20,8,9,10,17,12,9,5,22,8,12,11,6,12,9,6,10,4,20,15,0,6,6,5,7,10,7,9,7,6,4,3,5,3,5,6,3,6,3,10,6,2,5,5,3,5,4,6,5,7,4,3,1,6,4,4,6,4,4,4,6,2,3,3,6,5,2,5,3,5,2,5,0,11
OH,0,0,0,0,0,0,0,0,0,0,0,0,0,0,0,0,0,0,0,0,0,0,0,0,0,0,0,0,0,0,0,0,0,0,0,0,0,0,0,0,0,0,0,0,0,0,0,0,0,0,0,0,0,0,0,0,0,0,1,2,0,3,2,2,4,3,5,3,9,14,9,14,8,10,15,20,21,21,18,16,14,5,0,60,33,24,25,28,17,33,40,44,38,32,17,15,23,39,115,35,23,16,15,15,65,79,40,28,23,9,14,68,39,44,39,26,13,27,54,51,46,32,68,13,15,13,35,48,28,15,4,44,45,35,33,15,14,6,22,15,31,28,15,39,3,14,20,13,19,29,26,3,3,26,17,15,14,14,3,9,38,12,0,23,3,3,14,37,18,13,21,3,18,5,6,6,25,8,17,33,11,21,14,25,34,1,9,32,0,67,18,38,21,14,8,27,25,20,27,14,1,4,29,21,21,25,33,3,4,34,30,18,24,17,3,6,9,41,27,25,17,1,9,23,9,43,18,8,3,15,19,22,26,41,8,3,3,75,42
OK,0,0,0,0,0,0,0,0,0,0,0,0,0,0,0,0,0,0,0,0,0,0,0,0,0,0,0,0,0,0,0,0,0,0,0,0,0,0,0,0,0,0,0,0,0,0,0,0,0,0,0,0,0,0,0,0,3,0,0,0,3,0,3,5,5,0,20,3,3,15,15,13,10,10,10,13,40,30,3,20,15,5,0,30,38,20,0,0,0,0,83,15,23,0,38,3,5,25,18,20,20,20,0,0,23,15,18,15,10,3,5,13,0,15,3,8,0,0,15,13,13,8,10,0,5,13,10,8,8,13,0,0,15,5,8,3,5,3,0,13,5,5,5,0,0,0,10,3,5,3,3,3,0,5,3,8,5,18,3,0,5,5,15,5,0,0,3,15,8,8,15,13,3,5,10,10,15,18,15,0,3,23,33,8,18,28,0,0,0,71,33,13,20,3,3,38,40,28,18,8,0,5,33,23,28,15,33,10,10,43,40,28,15,25,3,10,35,48,38,20,28,3,5,23,30,35,28,10,8,0,3,23,33,30,28,15,0,18,30
OR,0,0,0,0,0,0,0,0,0,0,0,0,0,0,0,0,0,0,0,0,0,0,0,0,0,0,0,0,0,0,0,0,0,0,0,0,0,0,0,0,0,0,0,0,0,0,0,0,0,0,0,0,2,0,0,0,5,0,0,2,0,2,0,12,2,2,2,0,7,5,2,5,2,9,2,5,9,12,14,9,7,2,0,7,7,14,14,5,5,2,7,0,12,7,2,9,2,17,5,5,2,12,0,0,9,5,14,7,7,0,7,0,9,7,0,0,0,2,5,9,2,5,0,2,0,0,0,7,0,5,0,2,7,5,0,5,0,5,2,12,0,5,5,2,5,9,5,2,9,2,2,2,5,0,7,5,9,2,0,5,7,2,2,0,9,5,0,12,9,14,5,0,5,7,17,7,5,12,7,7,5,17,5,5,21,9,7,0,0,50,12,14,7,2,7,12,12,2,21,14,2,2,28,17,19,5,0,0,7,21,26,9,5,7,0,7,17,14,12,21,0,0,28,14,7,5,12,0,2,2,21,19,7,5,9,14,5,19,5
PA,0,0,0,0,0,0,0,0,0,0,0,0,0,0,0,0,0,0,0,0,0,0,0,0,0,0,0,0,0,0,0,0,0,0,0,0,0,0,0,0,0,0,0,0,0,0,0,0,0,0,0,0,0,0,0,0,1,0,0,1,0,3,1,3,4,5,9,3,8,12,9,12,9,27,11,9,61,54,23,60,59,12,0,60,49,0,85,62,216,72,145,19,6,55,35,10,37,93,373,77,48,51,19,10,427,73,235,149,65,14,18,59,103,159,39,26,2,224,102,111,80,91,87,22,12,10,88,84,71,56,0,0,102,59,59,53,35,9,8,48,37,40,38,38,3,23,26,34,33,30,16,3,2,30,42,30,18,18,2,7,27,28,21,27,2,3,1,26,20,28,25,13,5,5,16,20,12,15,12,6,2,16,20,12,17,10,2,3,0,42,0,11,12,4,0,18,9,30,12,12,1,2,27,26,19,28,16,2,0,24,19,12,16,14,2,1,20,15,9,14,14,2,0,14,16,16,8,14,0,15,9,12,12,13,0,0,25,5,22
RI,0,0,0,0,0,0,0,0,0,0,0,0,0,0,0,0,0,0,0,0,0,0,0,0,0,0,0,0,0,0,0,0,0,0,0,0,0,0,0,0,0,0,0,0,0,0,0,0,0,0,0,0,0,0,0,0,0,0,0,0,0,0,0,0,0,0,0,0,0,0,0,57,0,0,66,0,0,0,9,0,0,0,0,0,66,0,0,0,0,0,0,0,0,0,887,0,0,0,293,0,0,0,0,0,0,935,0,0,76,0,0,0,0,0,0,547,0,0,0,0,0,661,0,0,0,0,0,0,982,0,0,0,0,0,0,0,0,0,227,0,0,0,0,0,0,0,0,0,783,378,0,0,0,0,0,0,0,0,0,340,0,0,0,0,0,0,0,2653,0,0,0,0,0,0,0,245,0,0,0,0,0,0,57,0,0,0,0,0,0,0,0,0,76,0,0,0,47,0,0,0,0,0,0,66,0,0,0,0,0,0,66,0,0,0,0,0,0,113,0,0,0,0,0,0,104,0,0,0,0,0,0,104,0,0,0,0,0,0,123
SC,0,0,0,0,0,0,0,0,0,0,0,0,0,0,0,0,0,0,0,0,0,0,0,0,0,0,0,0,0,0,0,0,0,0,0,0,0,0,0,0,0,0,0,0,0,0,0,0,0,0,0,0,0,0,2,0,0,0,0,4,0,2,6,0,4,0,8,6,4,8,6,12,6,12,8,8,6,23,8,10,0,19,0,25,17,10,14,6,2,8,21,10,19,16,16,0,21,29,78,23,23,21,16,14,25,17,21,8,19,2,25,17,17,17,17,2,10,12,16,16,17,6,12,19,10,12,39,8,25,0,21,12,2,33,14,25,14,2,21,21,14,23,10,12,2,4,10,21,6,35,10,17,10,31,19,16,2,29,10,10,35,47,35,17,37,16,10,39,74,43,47,35,19,21,45,0,134,49,76,41,17,109,76,101,87,140,49,31,0,192,93,91,72,50,23,103,87,0,0,0,408,33,99,169,0,39,107,17,37,105,33,80,115,62,21,14,37,87,107,52,85,21,21,72,72,25,72,62,19,39,10,54,70,95,31,47,25,41,66
SD,0,0,0,0,0,0,0,0,0,0,0,0,0,0,0,0,0,0,0,0,0,0,0,0,0,0,0,0,0,0,0,0,0,0,0,0,0,0,0,0,0,0,0,0,0,0,0,0,11,0,0,0,0,0,0,0,0,0,0,0,0,0,0,0,0,0,0,0,0,0,11,0,0,0,0,11,0,11,0,0,0,0,0,0,0,11,0,23,0,0,11,11,0,0,11,11,0,0,23,45,45,0,0,0,34,57,23,0,34,0,0,57,0,45,11,0,0,0,0,23,23,23,0,0,0,0,45,0,57,11,0,23,0,0,23,11,0,0,0,34,11,45,11,11,0,0,23,11,0,34,0,0,0,23,11,34,11,34,0,0,0,23,0,34,0,0,11,11,0,34,68,23,0,0,0,23,45,11,0,23,0,0,11,23,11,0,11,0,0,68,0,11,45,11,0,11,11,45,34,23,0,0,0,0,23,23,23,11,0,11,11,23,23,0,23,0,0,11,0,34,23,0,0,0,23,0,11,34,0,0,0,0,45,0,68,11,0,0,90
TN,0,0,0,0,0,0,0,0,0,0,0,0,0,0,0,0,0,0,0,0,0,0,0,0,0,0,0,0,0,0,0,0,0,0,0,0,0,0,0,0,0,0,0,0,0,0,0,0,0,0,0,0,0,0,0,0,0,0,1,0,0,0,0,3,0,0,0,1,9,4,15,10,9,9,3,28,9,15,21,6,4,0,12,22,15,9,3,4,4,6,7,13,4,0,12,4,3,0,15,10,7,7,1,7,10,16,0,6,1,1,10,21,13,21,4,7,4,4,6,7,6,3,21,10,3,6,15,4,6,7,0,4,18,10,19,13,13,1,4,18,3,7,37,6,3,12,15,7,16,9,13,3,7,16,21,15,15,13,0,12,18,6,15,19,6,13,7,18,32,32,19,22,4,9,29,25,21,26,34,9,6,34,22,50,19,37,1,19,0,60,21,40,12,9,25,34,40,54,25,16,12,23,53,23,35,18,31,26,31,56,42,51,85,21,7,28,59,28,35,38,34,31,7,34,21,38,37,38,4,4,35,53,85,51,63,22,25,44,38
TX,0,0,0,0,0,0,0,0,0,0,0,0,0,0,0,0,0,0,0,0,0,0,0,0,0,0,0,0,0,0,0,0,0,0,0,0,0,0,0,0,0,0,0,0,0,0,0,0,0,0,0,0,0,0,0,0,0,1,0,0,0,1,0,2,2,1,2,2,1,4,5,4,4,6,7,5,5,8,7,9,10,6,0,16,16,10,12,9,8,6,7,9,6,11,10,8,6,9,14,17,12,11,7,6,8,13,9,11,16,13,4,11,9,20,19,11,10,3,8,16,7,13,9,4,3,2,8,13,9,7,8,2,6,12,11,7,10,4,2,7,11,12,6,6,7,2,16,11,14,10,8,6,3,9,9,16,11,13,9,3,7,20,14,17,11,10,6,21,33,36,33,34,28,15,29,37,42,57,41,21,14,23,41,36,37,31,35,412,0,153,55,102,92,0,62,84,81,106,101,85,39,11,75,110,88,107,82,49,18,79,106,81,89,74,36,9,62,79,91,68,53,31,9,49,65,76,48,61,22,7,21,48,56,50,51,16,7,46,47
UT,0,0,0,0,0,0,0,0,0,0,0,0,0,0,0,0,0,0,0,0,0,0,0,0,0,0,0,0,0,0,0,0,0,0,0,0,0,0,0,0,0,0,0,0,0,0,0,0,0,0,0,0,0,0,0,0,0,0,0,0,3,0,0,0,3,0,3,0,3,0,6,0,0,3,0,16,0,0,0,12,3,0,0,3,3,6,6,6,9,0,12,6,3,0,19,0,0,12,0,3,0,9,3,0,16,6,9,0,22,0,0,16,6,0,0,9,6,0,0,28,6,0,12,0,6,9,9,6,6,0,0,12,0,12,0,12,0,3,9,6,3,12,22,0,0,12,6,12,6,9,0,6,0,16,0,3,6,0,0,3,12,3,9,16,0,6,22,12,19,3,16,16,3,0,34,22,3,3,19,0,0,31,25,28,19,0,0,22,16,19,22,16,19,3,9,22,19,9,16,0,3,28,41,6,6,22,6,3,6,12,28,0,0,25,0,12,19,12,9,12,0,0,0,6,0,16,3,16,6,3,3,9,9,3,6,0,6,0,6
VA,0,0,0,0,0,0,0,0,0,0,0,0,0,0,0,0,0,0,0,0,0,0,0,0,0,0,0,0,0,0,0,0,0,0,0,0,0,0,0,0,0,0,0,0,0,0,0,0,0,0,0,0,1,0,1,0,0,0,0,0,1,4,0,4,5,1,4,6,4,2,8,8,5,5,2,4,11,13,40,13,12,12,9,7,49,15,26,32,22,26,28,30,28,75,0,0,27,39,34,36,34,42,52,28,34,0,66,49,19,14,12,47,43,32,27,29,8,6,32,39,28,40,29,14,40,28,53,64,26,14,6,18,19,22,19,12,8,13,7,20,22,11,15,9,5,6,22,13,8,20,6,5,11,26,20,19,30,27,9,8,27,28,34,32,6,6,0,32,28,59,6,5,2,11,20,18,9,14,2,0,5,19,5,5,15,11,1,6,0,49,20,35,47,4,2,36,33,30,16,7,5,1,19,8,15,7,13,0,5,12,27,20,11,8,28,5,26,23,14,25,23,1,13,39,33,14,12,19,0,7,2,13,13,5,13,2,22,112,53
VT,0,0,0,0,0,0,0,0,0,0,0,0,0,0,0,0,0,0,0,0,0,0,0,0,0,0,0,0,0,0,0,0,0,0,0,0,0,0,0,0,0,0,0,0,0,0,0,0,0,0,0,0,0,0,0,0,0,32,0,0,0,48,0,16,0,0,32,0,0,0,0,0,0,32,0,0,208,0,0,0,16,32,16,16,16,80,0,32,0,16,32,0,48,16,32,0,16,0,0,32,16,16,32,0,0,0,16,0,0,0,0,0,0,0,0,0,16,0,0,0,0,0,0,0,0,0,0,16,0,0,0,0,0,0,0,0,0,0,0,0,0,0,0,0,0,0,0,0,16,0,0,0,0,0,0,0,0,0,0,0,0,0,0,0,0,0,0,0,0,0,0,0,0,0,0,0,0,0,0,0,0,0,0,0,0,0,0,0,0,0,0,16,0,0,0,0,0,16,0,0,0,0,0,0,0,0,0,0,0,0,0,0,0,0,0,0,0,0,0,0,0,0,0,0,0,0,0,0,0,0,0,0,0,0,0,0,0,0,0
WA,0,0,0,0,0,0,0,0,0,0,0,0,0,0,0,0,0,0,0,0,0,0,0,0,0,0,0,0,0,0,0,0,0,0,0,0,0,0,1,0,7,1,4,1,3,4,4,5,1,7,3,8,4,3,8,5,18,11,12,13,1,20,17,8,18,33,22,13,30,5,39,17,30,29,38,45,29,34,34,37,22,22,0,43,34,21,26,28,13,24,38,14,24,16,20,16,20,28,20,17,12,9,5,9,28,11,28,18,21,13,18,22,16,12,11,11,3,1,38,8,11,8,0,14,12,11,22,14,7,9,0,7,8,8,4,14,5,5,5,20,17,7,11,12,5,3,7,1,25,13,13,5,8,12,12,9,7,8,0,13,16,9,4,12,3,7,13,17,13,18,18,0,14,-49,9,28,9,8,14,4,7,12,5,16,13,8,8,24,0,47,12,0,38,0,9,21,8,35,26,1,24,8,25,13,17,22,12,18,8,29,21,16,17,12,7,4,11,8,12,18,0,0,14,18,9,11,12,1,0,0,0,34,9,11,0,0,20,12,7
WI,0,0,0,0,0,0,0,0,0,0,0,0,0,0,0,0,0,0,0,0,0,0,0,0,0,0,0,0,0,0,0,0,0,0,0,0,0,0,0,0,0,0,0,0,0,0,0,0,0,0,0,0,0,0,0,0,0,3,2,2,0,2,0,2,3,7,2,0,2,3,14,12,10,33,21,15,26,12,21,29,15,12,0,43,21,27,14,10,15,17,21,7,19,9,7,10,15,33,14,14,17,14,9,2,22,15,21,17,24,3,15,15,5,22,19,12,0,10,15,24,10,15,19,5,5,5,40,19,31,34,7,5,21,15,17,12,21,2,0,26,15,19,12,5,2,3,14,17,12,17,24,0,2,9,14,14,2,19,0,0,12,3,12,5,0,0,0,14,5,3,9,10,0,0,10,2,7,3,17,2,3,22,10,22,0,22,2,2,0,31,14,24,24,2,2,21,15,12,21,9,2,2,14,12,12,12,22,2,0,14,22,10,3,22,0,0,22,10,19,3,10,3,0,15,21,5,12,26,0,0,2,26,17,7,21,2,0,17,14
WV,0,0,0,0,0,0,0,0,0,0,0,0,0,0,0,0,0,0,0,0,0,0,0,0,0,0,0,0,0,0,0,0,0,0,0,0,0,0,0,0,0,0,0,0,0,0,0,0,0,0,0,0,0,0,0,0,0,0,0,0,0,0,0,0,0,0,0,6,0,0,6,0,0,0,6,6,0,0,6,0,6,11,6,6,11,6,17,11,11,33,0,17,11,0,11,6,17,6,11,22,11,17,0,0,0,6,0,6,6,6,17,6,6,17,11,6,11,6,0,6,11,6,0,0,0,11,0,0,0,0,0,11,11,6,6,28,0,0,0,0,6,6,11,0,0,0,0,0,0,0,0,6,6,11,0,0,0,6,0,0,0,0,0,0,6,6,0,0,0,0,0,6,0,6,0,6,6,6,0,0,0,6,0,11,0,0,0,17,17,17,17,6,0,6,0,39,0,0,17,22,45,11,33,33,0,22,11,0,0,17,11,6,28,33,11,6,39,17,33,22,61,6,6,39,50,45,28,6,17,6,22,17,11,39,11,0,56,0,89
WY,0,0,0,0,0,0,0,0,0,0,0,0,0,0,0,0,0,0,0,0,0,0,0,0,0,0,0,0,0,0,0,0,0,0,0,0,0,0,0,0,0,0,0,0,0,0,0,0,0,0,0,0,0,0,0,0,0,0,0,0,0,0,0,0,0,0,0,0,0,0,0,0,0,0,0,0,0,0,0,0,0,0,17,0,17,0,0,0,0,0,0,86,0,0,0,0,0,0,0,0,0,0,0,0,0,0,0,0,0,0,0,0,0,0,0,0,17,35,0,17,17,0,0,0,0,17,17,17,0,0,0,35,0,0,0,0,0,0,0,0,17,0,0,0,0,0,0,0,0,35,0,0,0,0,0,0,0,0,0,0,0,0,0,0,0,0,0,0,17,0,0,0,0,0,17,0,35,0,0,0,0,17,0,0,0,0,0,0,0,0,0,0,0,0,17,0,0,0,17,0,0,0,0,0,0,0,17,0,52,17,0,0,52,35,0,0,0,0,0,0,0,0,0,69,0,0,17,0,0,0,0,0,0,0,0,0,0,0,52
