State,cases - 1/22/20,cases - 1/23/20,cases - 1/24/20,cases - 1/25/20,cases - 1/26/20,cases - 1/27/20,cases - 1/28/20,cases - 1/29/20,cases - 1/30/20,cases - 1/31/20,cases - 2/1/20,cases - 2/2/20,cases - 2/3/20,cases - 2/4/20,cases - 2/5/20,cases - 2/6/20,cases - 2/7/20,cases - 2/8/20,cases - 2/9/20,cases - 2/10/20,cases - 2/11/20,cases - 2/12/20,cases - 2/13/20,cases - 2/14/20,cases - 2/15/20,cases - 2/16/20,cases - 2/17/20,cases - 2/18/20,cases - 2/19/20,cases - 2/20/20,cases - 2/21/20,cases - 2/22/20,cases - 2/23/20,cases - 2/24/20,cases - 2/25/20,cases - 2/26/20,cases - 2/27/20,cases - 2/28/20,cases - 2/29/20,cases - 3/1/20,cases - 3/2/20,cases - 3/3/20,cases - 3/4/20,cases - 3/5/20,cases - 3/6/20,cases - 3/7/20,cases - 3/8/20,cases - 3/9/20,cases - 3/10/20,cases - 3/11/20,cases - 3/12/20,cases - 3/13/20,cases - 3/14/20,cases - 3/15/20,cases - 3/16/20,cases - 3/17/20,cases - 3/18/20,cases - 3/19/20,cases - 3/20/20,cases - 3/21/20,cases - 3/22/20,cases - 3/23/20,cases - 3/24/20,cases - 3/25/20,cases - 3/26/20,cases - 3/27/20,cases - 3/28/20,cases - 3/29/20,cases - 3/30/20,cases - 3/31/20,cases - 4/1/20,cases - 4/2/20,cases - 4/3/20,cases - 4/4/20,cases - 4/5/20,cases - 4/6/20,cases - 4/7/20,cases - 4/8/20,cases - 4/9/20,cases - 4/10/20,cases - 4/11/20,cases - 4/12/20,cases - 4/13/20,cases - 4/14/20,cases - 4/15/20,cases - 4/16/20,cases - 4/17/20,cases - 4/18/20,cases - 4/19/20,cases - 4/20/20,cases - 4/21/20,cases - 4/22/20,cases - 4/23/20,cases - 4/24/20,cases - 4/25/20,cases - 4/26/20,cases - 4/27/20,cases - 4/28/20,cases - 4/29/20,cases - 4/30/20,cases - 5/1/20,cases - 5/2/20,cases - 5/3/20,cases - 5/4/20,cases - 5/5/20,cases - 5/6/20,cases - 5/7/20,cases - 5/8/20,cases - 5/9/20,cases - 5/10/20,cases - 5/11/20,cases - 5/12/20,cases - 5/13/20,cases - 5/14/20,cases - 5/15/20,cases - 5/16/20,cases - 5/17/20,cases - 5/18/20,cases - 5/19/20,cases - 5/20/20,cases - 5/21/20,cases - 5/22/20,cases - 5/23/20,cases - 5/24/20,cases - 5/25/20,cases - 5/26/20,cases - 5/27/20,cases - 5/28/20,cases - 5/29/20,cases - 5/30/20,cases - 5/31/20,cases - 6/1/20,cases - 6/2/20,cases - 6/3/20,cases - 6/4/20,cases - 6/5/20,cases - 6/6/20,cases - 6/7/20,cases - 6/8/20,cases - 6/9/20,cases - 6/10/20,cases - 6/11/20,cases - 6/12/20,cases - 6/13/20,cases - 6/14/20,cases - 6/15/20,cases - 6/16/20,cases - 6/17/20,cases - 6/18/20,cases - 6/19/20,cases - 6/20/20,cases - 6/21/20,cases - 6/22/20,cases - 6/23/20,cases - 6/24/20,cases - 6/25/20,cases - 6/26/20,cases - 6/27/20,cases - 6/28/20,cases - 6/29/20,cases - 6/30/20,cases - 7/1/20,cases - 7/2/20,cases - 7/3/20,cases - 7/4/20,cases - 7/5/20,cases - 7/6/20,cases - 7/7/20,cases - 7/8/20,cases - 7/9/20,cases - 7/10/20,cases - 7/11/20,cases - 7/12/20,cases - 7/13/20,cases - 7/14/20,cases - 7/15/20,cases - 7/16/20,cases - 7/17/20,cases - 7/18/20,cases - 7/19/20,cases - 7/20/20,cases - 7/21/20,cases - 7/22/20,cases - 7/23/20,cases - 7/24/20,cases - 7/25/20,cases - 7/26/20,cases - 7/27/20,cases - 7/28/20,cases - 7/29/20,cases - 7/30/20,cases - 7/31/20,cases - 8/1/20,cases - 8/2/20,cases - 8/3/20,cases - 8/4/20,cases - 8/5/20,cases - 8/6/20,cases - 8/7/20,cases - 8/8/20,cases - 8/9/20,cases - 8/10/20,cases - 8/11/20,cases - 8/12/20,cases - 8/13/20,cases - 8/14/20,cases - 8/15/20,cases - 8/16/20,cases - 8/17/20,cases - 8/18/20,cases - 8/19/20,cases - 8/20/20,cases - 8/21/20,cases - 8/22/20,cases - 8/23/20,cases - 8/24/20,cases - 8/25/20,cases - 8/26/20,cases - 8/27/20,cases - 8/28/20,cases - 8/29/20,cases - 8/30/20,cases - 8/31/20,cases - 9/1/20,cases - 9/2/20,cases - 9/3/20,cases - 9/4/20,cases - 9/5/20,cases - 9/6/20,cases - 9/7/20,cases - 9/8/20,cases - 9/9/20,cases - 9/10/20,cases - 9/11/20,cases - 9/12/20,cases - 9/13/20,cases - 9/14/20,cases - 9/15/20,cases - 9/16/20
AK,0,0,0,0,0,0,0,0,0,0,0,0,0,0,0,0,0,0,0,0,0,0,0,0,0,0,0,0,0,0,0,0,0,0,0,0,0,0,0,0,0,0,0,0,0,0,0,0,0,0,14,0,0,0,27,41,0,41,0,0,191,178,82,232,137,219,232,164,68,191,123,55,150,191,191,82,301,164,137,150,150,205,68,109,109,96,123,68,68,27,109,82,27,27,0,27,55,82,55,0,123,14,41,27,14,14,27,41,14,14,27,27,0,55,0,0,123,41,0,27,0,27,55,0,14,27,14,178,68,55,355,96,273,246,109,150,164,109,260,137,273,232,205,369,123,41,164,273,164,178,287,150,82,0,0,342,574,0,560,328,437,478,0,1053,601,369,383,205,519,588,683,807,1080,724,957,588,711,574,1381,1326,1012,1258,1203,861,766,1230,2543,1326,1476,902,1135,0,3513,1968,793,752,738,492,670,1080,1340,889,629,820,1107,1490,1148,1408,683,848,916,1107,943,1217,875,930,451,711,1066,1572,1285,615,506,465,943,1394,1640,1271,1176,451,478,861,1695,1258,1422,848,1012,574,683
AL,0,0,0,0,0,0,0,0,0,0,0,0,0,0,0,0,0,0,0,0,0,0,0,0,0,0,0,0,0,0,0,0,0,0,0,0,0,0,0,0,0,0,0,0,0,0,0,0,0,0,0,10,12,22,14,20,24,55,57,51,73,59,94,294,296,220,159,220,237,114,222,334,538,200,424,332,396,612,695,345,520,651,449,306,583,332,235,416,363,361,496,573,463,410,381,416,245,422,351,300,471,647,559,459,665,520,724,689,579,451,561,620,471,806,598,579,198,632,604,1377,736,530,983,724,1401,926,777,1069,975,667,1001,810,369,257,434,626,1297,932,865,981,1132,1729,1752,1809,2070,2115,1305,816,1823,1623,1116,963,881,1313,1972,2329,1986,1829,720,3557,1776,1870,2343,3575,2035,2221,1882,1856,2403,4509,2723,2935,3345,3993,3485,3698,4122,4085,4371,3624,3834,2990,2967,4893,3659,4334,2374,3714,2400,151,6922,3999,3316,4273,2480,2129,1942,3953,3481,3820,2364,3420,1715,1907,1577,1534,2592,1740,1165,2761,2252,1917,751,3594,1077,3359,1087,4099,3616,2366,3479,2745,1679,3175,1271,2133,2262,2876,1040,1344,1291,1654,2343,2321,1923,2260,1430,1434,1895
AR,0,0,0,0,0,0,0,0,0,0,0,0,0,0,0,0,0,0,0,0,0,0,0,0,0,0,0,0,0,0,0,0,0,0,0,0,0,0,0,0,0,0,0,0,0,0,0,0,0,3,7,0,10,3,30,0,10,93,60,106,202,86,119,242,106,159,70,136,205,186,196,186,172,27,368,245,222,272,229,179,73,139,596,70,308,93,252,275,10,640,792,374,640,510,265,255,262,136,437,222,142,119,209,182,202,341,255,172,0,958,89,388,235,447,308,404,600,186,365,255,1445,534,524,484,328,444,308,802,812,765,828,626,1190,666,1249,719,1425,1070,915,1147,1014,1405,2432,1746,1279,1372,732,1395,918,1992,1604,1369,1683,1644,2144,1594,3042,1769,1746,1388,1766,1451,2803,1647,1594,1945,1256,1037,2339,2694,2389,3224,1614,1733,2880,1862,2803,1885,2475,2035,2147,2571,1763,3281,2919,2472,2018,2353,2363,2452,2465,2532,2170,1988,2727,2561,2906,2286,3171,2608,1813,2038,1316,2359,2111,2005,2303,2190,1296,1332,2399,1876,2833,1779,1246,1004,1627,2240,2349,2737,2363,1561,1216,931,1852,2969,2962,1760,2233,1150,1037,1441,1465,3105,0,6468,1395,2525,3320
AZ,0,0,0,0,1,0,0,0,0,0,0,0,0,0,0,0,0,0,0,0,0,0,0,0,0,0,0,0,0,0,0,0,0,0,0,0,0,0,0,0,0,0,0,0,1,3,0,3,0,5,0,0,3,0,8,3,10,23,25,55,66,113,129,103,147,213,151,201,323,185,172,250,238,342,345,257,163,207,401,128,387,201,223,133,225,374,375,290,289,187,257,286,425,378,326,338,261,319,349,613,430,554,379,383,529,552,327,800,596,217,359,489,605,684,680,636,420,320,544,455,574,401,594,412,304,305,658,690,964,1085,1187,5,1547,1334,732,2168,1539,1976,1083,850,2138,1939,2274,2116,1694,1393,3286,2510,3461,4458,4273,3561,3017,5175,2226,4200,4710,4934,5300,859,6419,6715,4578,6090,3704,4851,4612,5019,4836,5574,5799,4174,3486,1864,5871,4475,4475,5375,3767,3234,2147,4798,2658,3208,4601,5149,2696,2503,2897,3204,3479,4413,4108,2015,1405,1385,2330,1993,1930,1447,1127,822,1669,970,1853,1278,1282,1213,643,1253,879,993,849,1338,279,427,1190,284,934,713,861,517,239,697,713,1499,999,1146,346,260,124,683,621,725,831,530,293,665,955
CA,0,0,0,0,1,0,0,0,0,0,0,0,1,0,0,0,0,0,0,0,0,0,0,0,0,0,0,0,0,0,1,0,0,0,0,1,0,1,1,0,2,1,4,4,4,10,3,16,7,10,7,30,25,30,30,46,47,53,71,52,76,122,102,134,215,217,211,164,237,297,343,310,344,329,329,301,294,376,290,311,252,220,254,360,313,260,327,357,193,577,492,474,473,446,316,280,379,314,603,386,489,365,317,315,648,493,423,555,565,303,360,410,520,462,516,465,349,440,496,562,565,621,477,452,563,804,513,541,667,882,650,634,586,588,797,840,671,603,642,754,727,886,952,839,672,688,850,1083,953,908,948,827,1687,1580,1225,1265,1399,1009,1152,1910,2102,1683,2592,838,413,1031,4254,2640,1984,2269,2768,1797,1541,2293,2856,2142,2541,1727,2278,1484,2936,2731,3085,2450,2311,2016,1131,2678,2545,2864,2418,2053,1845,1218,1982,1469,1450,2047,2015,1539,1573,2751,3561,2300,2076,2650,1680,1145,2522,1561,1720,1542,1740,1200,842,1980,1531,1338,1327,1168,1121,681,1982,1076,1295,1080,1429,1047,556,607,784,1180,570,1375,762,503,1262,735,743
CO,0,0,0,0,0,0,0,0,0,0,0,0,0,0,0,0,0,0,0,0,0,0,0,0,0,0,0,0,0,0,0,0,0,0,0,0,0,0,0,0,0,0,0,0,5,7,0,12,7,10,43,43,40,52,0,90,0,148,134,231,201,217,309,304,450,467,517,392,597,646,636,656,755,589,587,354,488,417,778,538,495,483,424,325,370,2079,677,655,457,634,627,766,646,1728,1188,747,755,776,797,877,802,752,667,490,887,853,959,814,877,491,429,571,575,655,702,667,516,476,507,554,622,528,759,354,353,511,389,615,853,844,486,346,361,474,523,445,401,266,311,285,264,257,306,340,194,293,231,418,398,497,281,326,290,326,455,564,550,394,488,358,353,544,566,448,441,346,333,708,785,708,1155,698,559,570,769,818,988,1077,766,606,735,846,1108,1092,1157,1398,953,405,1297,839,710,1049,797,778,439,740,1031,780,794,747,582,658,696,540,809,552,523,585,333,453,478,570,620,517,450,344,761,366,611,745,469,316,346,611,420,462,643,0,577,865,328,427,462,535,717,719,662,693,1021
CT,0,0,0,0,0,0,0,0,0,0,0,0,0,0,0,0,0,0,0,0,0,0,0,0,0,0,0,0,0,0,0,0,0,0,0,0,0,0,0,0,0,0,0,0,0,0,0,3,3,3,6,8,34,17,42,76,79,174,98,84,292,247,569,721,384,783,654,1315,1128,1840,900,780,2937,948,1172,3335,2376,2597,2740,2073,2589,1346,3803,1588,2132,3181,2704,1994,1144,5239,1559,5784,1848,2345,1815,1924,2148,864,1231,2743,3240,1632,0,1781,1804,1226,2266,1714,1764,1447,668,1621,1501,1750,1733,1680,2140,1890,923,1689,547,1243,996,1257,1105,920,233,788,547,721,488,1489,642,325,432,611,973,384,339,199,426,351,648,830,250,202,224,185,233,558,435,112,93,345,45,233,205,412,272,297,426,151,202,194,0,0,684,160,210,286,210,0,0,586,59,300,365,390,0,0,401,109,345,84,1559,0,0,525,255,1285,381,395,0,0,707,137,283,118,202,0,0,693,309,31,323,323,0,0,951,59,168,334,238,0,0,1324,104,519,412,687,0,0,1060,365,286,311,429,0,0,0,1136,252,645,642,0,0,1543,381,362
DC,0,0,0,0,0,0,0,0,0,0,0,0,0,0,0,0,0,0,0,0,0,0,0,0,0,0,0,0,0,0,0,0,0,0,0,0,0,0,0,0,0,0,0,0,0,0,28,28,0,85,0,0,85,14,71,128,113,453,85,298,255,298,652,680,510,524,538,836,1332,1289,0,949,1474,2055,1360,1403,1615,3245,1176,1941,1672,1374,0,2593,1970,2168,1785,2692,1800,1899,2423,1530,2196,2366,2423,2012,723,1445,1587,3075,4747,1970,3103,2182,2154,1970,2735,3471,2876,2409,1658,1360,1403,2154,1913,2423,1148,2083,2324,1658,3358,1488,1034,2040,1629,1544,1020,1219,652,2536,1190,793,411,1842,1474,1119,992,893,808,1204,893,737,921,779,822,453,269,411,793,694,453,510,538,510,482,439,368,439,453,623,496,538,354,638,170,496,468,765,1034,1431,822,0,652,1403,1134,708,553,0,1119,949,1105,1247,2040,1105,964,893,1105,1233,765,822,978,1119,0,978,553,1204,638,1063,1006,907,1417,765,1261,893,921,1332,581,864,751,737,411,779,850,921,793,694,638,538,1020,808,1049,482,468,808,397,822,723,737,581,510,666,354,354,1148,836,567,425,921,793
DE,0,0,0,0,0,0,0,0,0,0,0,0,0,0,0,0,0,0,0,0,0,0,0,0,0,0,0,0,0,0,0,0,0,0,0,0,0,0,0,0,0,0,0,0,0,0,0,0,0,0,41,0,21,10,10,92,92,41,92,62,113,318,175,154,0,472,503,185,329,565,503,257,585,1469,822,1130,1489,1931,955,1109,1530,1633,1366,1612,842,575,2485,2187,0,2116,1920,2783,1366,1366,1386,4642,1294,4026,883,822,1900,1253,1736,811,842,4067,1715,1787,1715,1602,1222,1848,2167,2691,1561,1756,1202,2054,1736,1633,1992,1397,1653,1181,1623,1006,349,780,688,1900,791,1058,842,277,349,318,1119,965,349,483,349,0,1181,585,370,780,626,442,565,1119,698,955,493,277,380,750,555,729,1345,1479,996,318,2157,1807,1982,0,1592,1171,462,698,1222,914,647,750,842,801,616,2362,657,893,996,1202,442,1335,2321,62,1130,1140,1900,801,955,883,0,688,1058,811,1571,688,780,596,750,544,657,1540,1130,3810,585,544,852,565,472,657,370,493,647,421,288,401,82,1058,2362,308,822,822,359,1047,996,1345,1232,893,585,0,1561,955,1684,1253,852,1818,1150
FL,0,0,0,0,0,0,0,0,0,0,0,0,0,0,0,0,0,0,0,0,0,0,0,0,0,0,0,0,0,0,0,0,0,0,0,0,0,0,0,0,0,0,0,0,0,2,1,2,5,3,5,11,15,2,18,34,54,47,102,52,113,104,86,262,225,345,391,423,352,483,380,672,586,594,378,595,522,443,525,532,473,407,541,282,416,383,655,346,382,346,378,332,499,413,141,322,283,328,161,232,481,342,286,379,248,260,384,171,366,277,180,418,226,382,430,314,361,396,235,246,558,360,317,344,409,237,176,303,565,430,345,311,287,611,661,605,591,548,452,511,637,791,883,1200,939,821,1296,1211,1492,1778,1883,1617,1367,1523,2572,2329,4159,4440,3992,2454,2829,3051,4704,4408,5331,4672,2948,3420,4642,4155,5319,4820,7115,5868,4276,4738,6483,5332,4801,5816,4810,4387,4557,4766,5787,5672,4333,4122,4280,4407,4635,4189,4467,3286,2214,2528,2524,3570,3565,3957,2892,1934,2704,3784,2896,2856,2946,1753,1245,1784,1915,2115,2174,1996,1381,1048,1240,1488,1511,1753,1477,1196,871,3481,1129,1649,1479,1505,1368,849,836,1005,1202,1744,1482,1127,808,1210,1092
GA,0,0,0,0,0,0,0,0,0,0,0,0,0,0,0,0,0,0,0,0,0,0,0,0,0,0,0,0,0,0,0,0,0,0,0,0,0,0,0,0,0,2,0,0,1,2,0,11,2,12,7,0,25,30,21,24,49,75,165,62,69,151,245,200,219,503,214,226,428,958,313,486,867,556,152,747,1364,603,567,660,312,498,1012,989,780,920,902,353,559,741,520,758,949,565,449,219,748,634,774,715,810,785,292,709,514,935,441,543,480,480,462,410,399,441,485,233,80,511,607,659,728,689,434,674,706,1109,868,723,744,265,219,830,526,824,1027,665,303,446,799,705,850,872,853,369,498,661,1249,769,1076,1055,358,1093,1559,1867,1624,1413,1807,1092,405,2302,2890,2254,2443,2872,2271,1692,2181,2659,2088,3511,3837,1839,1607,1644,3901,3276,2857,3241,3536,2189,1817,3017,2842,4178,3758,3366,2042,2189,3753,3251,3905,3548,3217,2471,1763,2803,3700,2813,3716,3746,2480,1915,3607,3435,2179,3155,2853,1740,1548,2697,2395,2897,2738,2457,1441,2151,2094,2608,2389,2227,2162,1035,1467,2151,1801,2512,1804,2066,1336,544,1486,1812,1822,1575,1915,1324,966,1568,1881
HI,0,0,0,0,0,0,0,0,0,0,0,0,0,0,0,0,0,0,0,0,0,0,0,0,0,0,0,0,0,0,0,0,0,0,0,0,0,0,0,0,0,0,0,0,0,7,0,7,0,0,0,0,7,21,21,21,21,71,71,71,57,85,35,120,99,99,212,155,170,127,205,177,304,247,148,99,177,177,78,155,155,85,35,64,106,49,120,148,42,28,14,42,28,28,21,14,7,0,35,28,7,0,7,0,28,7,14,0,14,7,14,7,21,0,7,0,7,0,7,7,14,0,7,0,0,0,0,21,14,21,0,0,7,7,7,64,57,14,7,42,21,49,99,120,35,57,28,28,127,191,99,78,14,21,99,106,99,42,184,14,113,64,141,198,170,170,49,290,162,254,191,297,141,148,148,198,113,177,120,191,106,177,120,374,410,501,445,198,332,763,883,855,614,318,1448,1010,1222,367,2119,1632,1074,989,833,1427,2500,1632,1992,1533,1222,946,1836,1660,1610,2006,1723,1194,1518,1942,2161,1865,2182,1413,932,1278,2387,1490,1914,1547,1144,735,466,692,1194,1179,911,791,558,452,713
IA,0,0,0,0,0,0,0,0,0,0,0,0,0,0,0,0,0,0,0,0,0,0,0,0,0,0,0,0,0,0,0,0,0,0,0,0,0,0,0,0,0,0,0,0,0,0,0,25,19,0,6,3,3,0,16,19,29,19,0,76,70,44,57,73,108,174,203,120,279,228,165,209,269,273,263,244,326,307,396,374,384,241,393,593,311,466,602,558,1223,818,1464,403,564,1648,2041,1182,1249,1626,1455,941,2206,2295,1604,1781,1588,891,2079,1223,738,925,1277,1696,1201,1198,1198,881,1043,964,1100,751,1325,1417,1252,1296,1097,352,1860,821,929,1090,1097,640,837,200,2184,1220,1087,532,989,830,1043,868,1230,1233,1097,447,380,688,1138,1334,830,1467,507,922,840,1442,1575,1208,1563,954,685,1119,2127,1242,1775,995,1271,875,1480,2292,2824,1623,1509,1537,1046,678,2602,2539,783,2330,894,1616,1198,2295,1563,2006,1204,1490,821,1433,2082,2000,1382,1696,983,532,1613,1930,1838,1163,1918,811,628,1499,1404,1956,2608,2009,894,922,1911,1924,2799,2472,2111,1357,1762,2776,4650,8047,3410,3138,1914,2196,2402,2063,3629,3376,2352,1810,1087,1528,2577,2529,0,4998,1353,1623,2437
ID,0,0,0,0,0,0,0,0,0,0,0,0,0,0,0,0,0,0,0,0,0,0,0,0,0,0,0,0,0,0,0,0,0,0,0,0,0,0,0,0,0,0,0,0,0,0,0,0,0,0,0,0,17,0,0,11,34,67,45,56,22,28,129,274,353,246,179,274,588,616,750,1287,683,364,134,386,229,123,677,241,62,101,157,62,688,123,257,73,22,358,168,190,173,185,118,45,134,190,173,173,118,151,0,252,118,173,112,151,140,0,168,185,173,151,207,162,0,201,129,162,157,347,173,0,0,403,179,207,0,397,6,369,151,319,358,325,151,0,280,179,218,235,280,257,0,358,442,515,621,716,739,0,1399,817,1365,1237,1567,974,0,2417,2048,1416,1242,2244,2110,2031,1779,2725,2406,2574,2798,3229,0,2222,4561,4079,3850,3458,3072,0,5389,3117,2787,2322,2955,3150,1959,2887,2955,2540,3178,2652,2205,0,3139,3134,2647,3872,2932,3190,996,2395,2787,3011,2787,3033,1701,0,2608,2149,2065,0,3749,1656,0,2249,2289,1712,1914,1472,1628,0,2294,1567,1668,1472,1511,1572,0,1058,1768,1841,1712,1869,1214,627,1416,1550,1578
IL,0,0,1,0,0,0,0,0,0,1,0,0,0,0,0,0,0,0,0,0,0,0,0,0,0,0,0,0,0,0,0,0,0,0,0,0,0,0,0,1,1,0,0,1,0,1,1,5,5,4,6,11,13,4,28,43,88,113,130,132,237,136,251,259,532,386,362,863,370,732,773,555,941,1140,706,785,1023,1206,1059,1144,1018,1311,949,973,1072,889,1440,1224,931,902,1174,1593,1468,2128,1629,1648,1540,1753,1762,2001,2491,2001,2372,1835,1654,1899,2086,2319,1811,1293,1012,3170,1333,2541,1929,1651,1354,1800,1222,1884,1783,2143,1850,1952,1336,911,870,1192,1346,1190,1057,763,1229,802,750,908,784,673,537,619,514,608,477,522,523,381,493,482,508,543,500,515,365,478,568,713,685,621,510,567,571,653,0,1372,682,500,481,465,780,803,1035,946,750,690,567,945,1005,1086,1005,760,921,739,1274,1283,1205,1120,1208,955,865,1101,1402,1523,1300,1157,1021,1146,1401,1546,1642,1736,1080,1038,1213,1283,1456,1815,1458,1229,1392,1379,1795,1451,1739,1867,1498,1267,1303,1730,1336,1705,1460,1571,1329,1166,1682,1064,4255,2209,1132,1088,1097,1034,1559,1691,1669,1158,1074,1160,1533
IN,0,0,0,0,0,0,0,0,0,0,0,0,0,0,0,0,0,0,0,0,0,0,0,0,0,0,0,0,0,0,0,0,0,0,0,0,0,0,0,0,0,0,0,0,1,0,1,6,6,0,3,0,10,0,16,0,7,30,101,0,114,86,152,175,716,0,404,417,401,559,602,704,591,761,685,792,830,651,603,832,778,725,453,431,637,870,924,728,842,700,613,514,0,1754,1020,1050,1410,919,961,879,1205,986,946,850,781,1243,942,958,870,582,740,738,524,857,896,927,729,713,679,842,982,704,726,707,501,536,530,940,734,0,1512,373,615,698,572,719,622,588,331,613,458,610,599,590,544,735,529,315,677,463,474,530,312,358,400,766,691,676,530,437,550,533,646,784,765,564,747,456,657,297,564,2126,798,628,966,1020,1055,1089,1249,1361,945,1041,1132,1383,1478,1367,1249,807,1139,928,1414,1627,1325,1013,750,1230,1068,1560,1840,1536,1540,985,1288,988,1549,1589,1551,1093,873,1257,726,1395,1543,1490,914,2488,1208,4722,1728,1222,1671,1309,1304,1059,1288,1662,1542,1612,1252,875,578,1075,1170,1885,1604,1842,1090,1026,867
KS,0,0,0,0,0,0,0,0,0,0,0,0,0,0,0,0,0,0,0,0,0,0,0,0,0,0,0,0,0,0,0,0,0,0,0,0,0,0,0,0,0,0,0,0,0,0,3,0,0,0,14,3,0,7,17,10,17,45,34,34,31,51,48,113,154,117,206,196,165,203,185,233,240,268,168,336,185,494,209,199,343,244,141,172,233,323,398,295,203,470,137,638,930,1002,968,405,529,560,838,1720,724,1026,975,738,728,954,1407,1215,834,817,460,649,652,721,704,285,175,1212,69,704,203,1225,45,14,86,697,405,127,1126,0,0,992,65,525,0,711,0,117,738,0,570,0,807,0,0,1260,0,923,0,1325,199,124,1088,113,1654,271,1720,124,666,2252,113,1823,0,0,0,0,6542,24,2489,367,3017,309,875,3899,62,2997,51,2904,628,487,4085,432,2324,0,3563,14,814,2773,89,2444,148,3021,130,625,2890,144,2719,302,2966,127,206,3412,305,2550,199,4273,130,374,3971,244,2519,309,3206,453,429,4407,405,4792,903,3535,257,299,4586,477,3920,185,5073,0,278,4644,1146,1751,151,3189,141,0,5015,0,3841
KY,0,0,0,0,0,0,0,0,0,0,0,0,0,0,0,0,0,0,0,0,0,0,0,0,0,0,0,0,0,0,0,0,0,0,0,0,0,0,0,0,0,0,0,0,0,0,0,7,2,4,9,7,4,13,2,2,20,27,9,0,11,110,103,20,125,137,152,65,78,237,181,143,166,186,349,248,90,479,383,342,295,284,159,280,172,307,208,421,577,192,338,401,253,665,293,387,184,519,351,378,383,0,542,287,1283,302,439,369,345,0,537,396,481,331,495,535,0,542,293,260,282,307,325,0,0,853,280,235,631,573,0,739,325,526,660,607,685,0,419,522,396,137,506,613,0,450,401,369,452,566,396,264,197,705,497,571,569,687,145,255,622,488,530,665,0,0,1739,826,895,723,951,1007,591,584,1276,1043,904,1171,1285,2182,575,1437,1090,1352,1753,1869,712,1124,1173,1383,1473,1721,1280,1030,714,1542,1197,1128,1220,1730,960,611,1206,2581,1652,1374,1424,862,828,1361,1406,1544,1439,1813,0,1849,1504,1488,1672,1741,1829,0,1842,1759,1786,2008,1797,1750,694,638,589,1471,1782,2075,1594,1180,757,1612,1728
LA,0,0,0,0,0,0,0,0,0,0,0,0,0,0,0,0,0,0,0,0,0,0,0,0,0,0,0,0,0,0,0,0,0,0,0,0,0,0,0,0,0,0,0,0,0,0,0,2,9,15,13,34,110,39,71,125,181,234,303,484,157,701,473,886,1088,940,1241,484,1033,2590,2538,5743,2312,4999,1112,3956,3048,1605,2685,2078,1639,1250,899,1076,925,1224,1295,1000,746,1273,712,863,1033,865,802,561,635,475,802,729,1514,934,430,716,697,865,544,437,1187,396,462,495,1258,1719,686,798,678,596,708,598,2512,684,368,200,1375,718,936,654,1665,0,721,908,871,820,897,983,996,703,497,1045,850,931,1063,2571,628,888,832,1241,0,1973,1869,837,990,2930,1897,2013,2910,0,3151,1768,2254,4479,2971,3713,0,4162,2366,4115,4132,3964,5679,4653,2827,3657,4799,4489,4902,4681,0,6699,6845,3644,5961,4939,4481,0,8260,5040,2411,3732,3674,3870,0,7454,2366,7331,3190,2814,3224,0,5619,1209,2500,2579,2433,2792,0,2536,1228,1368,1650,1955,1884,0,2302,970,2037,1811,1495,1299,0,3465,697,1493,2046,1768,1766,0,2919,671,639,3231,1002,1671,0,2706,1002,875,1129
MA,0,0,0,0,0,0,0,0,0,0,1,0,0,0,0,0,0,0,0,0,0,0,0,0,0,0,0,0,0,0,0,0,0,0,0,0,0,0,0,0,0,1,0,0,6,0,23,28,74,6,16,23,22,33,38,44,51,91,119,147,164,157,505,884,683,1146,1399,862,1114,1486,1741,1754,2166,1847,1194,1895,2002,2316,3150,3055,2597,3579,1912,1796,2450,3188,3045,2897,2355,2214,2150,2641,4637,7098,3507,2062,2395,2916,3073,2854,3082,2902,1770,1914,1816,2932,2459,2384,2059,1503,992,1283,1703,2392,1819,2159,1554,1516,1301,1507,1602,1180,1088,1486,860,633,747,966,937,1077,1021,5502,553,643,678,712,859,448,247,398,393,731,577,472,287,136,289,389,390,348,413,173,221,350,247,338,335,535,328,119,192,293,370,413,306,197,235,289,377,429,313,406,290,335,438,312,319,434,515,437,367,363,411,466,480,418,532,415,370,721,599,786,627,602,293,770,604,384,596,606,463,393,575,0,0,0,0,0,0,0,0,0,3726,132,0,830,469,456,512,628,611,257,431,496,480,480,402,544,531,313,236,260,554,583,644,380,341,438,443
MD,0,0,0,0,0,0,0,0,0,0,0,0,0,0,0,0,0,0,0,0,0,0,0,0,0,0,0,0,0,0,0,0,0,0,0,0,0,0,0,0,0,0,0,0,5,0,3,5,2,5,0,8,22,0,12,33,46,36,137,0,89,71,103,114,268,319,362,409,286,410,538,572,706,607,801,721,538,1915,1085,1297,1201,878,1171,888,928,1246,1303,1216,863,1404,852,963,1588,1457,1902,1346,1497,1032,1219,1482,2850,1667,1636,1533,1203,1732,2001,1796,1778,1742,1300,1138,1242,1805,1788,1609,1401,1585,2949,1277,2006,1479,1772,2737,883,0,1222,2125,2116,1700,1158,1011,1398,1340,1451,1492,1193,807,708,835,928,1214,688,1085,710,518,668,915,418,471,551,480,392,609,511,638,966,723,541,787,504,595,835,890,622,475,447,830,769,969,766,921,1062,691,1212,1250,1072,781,1770,1530,913,1421,1042,1098,1538,2124,1146,1866,1069,1267,1475,1934,1689,1504,1439,1174,946,958,1325,1282,1523,1204,1014,893,1285,1183,1353,857,824,870,685,956,1110,1034,958,938,622,728,954,994,1044,822,758,1014,756,1146,1355,1284,847,1264,589,556,820,953,1303,835,810,1090,1322
ME,0,0,0,0,0,0,0,0,0,0,0,0,0,0,0,0,0,0,0,0,0,0,0,0,0,0,0,0,0,0,0,0,0,0,0,0,0,0,0,0,0,0,0,0,0,0,0,0,0,0,7,7,0,0,104,89,52,30,112,97,104,156,119,164,104,82,320,298,164,0,498,231,394,171,112,216,164,141,201,193,223,126,461,298,268,179,253,149,141,67,97,134,238,208,171,186,60,126,112,305,208,223,245,134,171,208,551,298,290,193,171,112,283,402,275,335,268,223,216,573,424,528,201,126,89,796,186,372,275,409,327,193,216,283,223,268,342,335,134,134,223,231,379,283,268,112,74,134,305,268,186,149,97,186,141,625,402,0,260,238,528,238,0,543,126,74,104,156,186,89,0,260,193,60,97,134,283,60,0,149,179,97,179,89,171,245,171,141,52,208,164,164,164,149,104,60,119,45,134,82,119,60,22,141,141,201,171,179,216,119,193,141,245,238,126,156,89,149,186,156,417,156,112,164,141,372,119,0,0,595,0,342,216,298,245,298,104,171,186
MI,0,0,0,0,0,0,0,0,0,0,0,0,0,0,0,0,0,0,0,0,0,0,0,0,0,0,0,0,0,0,0,0,0,0,0,0,0,0,0,0,0,0,0,0,0,0,0,0,2,0,10,12,8,20,2,11,15,244,224,238,249,288,459,499,557,791,964,801,1013,1101,1630,1437,1889,1439,1396,1477,1688,1417,1152,1206,1167,638,1005,1286,1007,1210,831,728,635,575,955,976,1213,1152,509,541,439,1010,938,792,867,579,500,213,374,683,462,546,465,373,408,422,361,1129,458,450,321,282,418,565,413,361,451,296,201,198,174,448,413,174,487,139,157,273,225,5184,445,417,264,301,199,204,243,173,214,115,183,222,278,292,435,163,236,241,337,435,320,352,254,274,499,427,579,475,395,342,298,621,650,606,615,632,444,410,674,1067,889,778,724,507,512,671,697,734,622,492,1084,501,729,970,900,812,724,418,592,731,665,772,746,725,497,579,687,504,1125,854,794,471,480,644,739,535,0,1426,740,823,749,861,836,785,0,1293,493,765,668,762,935,846,0,1173,488,976,953,1349,773,0,1230,680,801
MN,0,0,0,0,0,0,0,0,0,0,0,0,0,0,0,0,0,0,0,0,0,0,0,0,0,0,0,0,0,0,0,0,0,0,0,0,0,0,0,0,0,0,0,0,2,0,0,0,2,2,11,5,16,4,43,9,16,46,50,37,57,113,51,46,101,92,80,110,129,94,103,98,82,133,112,92,149,156,160,0,321,337,0,131,213,184,282,246,248,206,106,168,289,305,309,195,234,452,1793,869,1039,881,766,1014,1094,1307,1378,1261,1266,849,926,1222,778,911,1419,1293,1236,1250,1151,1140,942,1452,1495,1289,1305,1160,807,800,1083,1128,1170,637,534,667,716,1216,922,697,598,532,621,791,883,674,539,394,335,729,663,649,750,782,546,436,512,644,869,739,917,546,782,743,874,745,0,904,766,988,807,1023,1066,1422,1255,864,709,1011,1075,1188,807,1282,436,1763,879,1335,1337,1381,1530,1122,837,1314,1314,1367,1268,1328,1078,1067,1153,1477,988,1596,1406,1096,592,825,1218,1275,1222,1309,993,672,979,1232,1431,1333,1264,1252,732,940,2023,1495,1805,1631,1176,869,1319,1754,1562,1612,1227,1087,667,417,755,837,1612,1298,1106,727,830
MO,0,0,0,0,0,0,0,0,0,0,0,0,0,0,0,0,0,0,0,0,0,0,0,0,0,0,0,0,0,0,0,0,0,0,0,0,0,0,0,0,0,0,0,0,0,0,2,0,0,0,2,3,2,0,3,0,11,20,64,34,24,122,116,166,233,279,262,91,228,495,414,409,453,284,137,574,510,463,358,424,373,220,367,486,344,350,269,385,236,238,225,316,295,492,293,272,287,225,200,213,435,507,381,596,277,292,380,231,297,287,121,145,222,275,235,357,192,244,212,329,191,350,318,376,290,200,337,293,196,274,295,295,409,318,464,324,306,178,288,293,459,332,314,365,0,613,371,349,456,479,640,671,228,704,474,821,741,714,44,1198,829,606,601,622,174,1092,627,1299,939,934,1453,764,513,723,1525,1452,1152,1409,1563,1380,859,1857,2125,2666,2695,2209,1978,1823,2892,3135,3389,2423,1523,940,1712,1939,2029,1732,1639,0,2511,1664,1597,2612,2053,2398,1838,1740,1859,1300,2061,1724,2001,2105,1326,1413,1142,2310,2480,2299,2234,2084,1714,1732,2363,2281,2615,3210,1981,1507,1287,2209,1822,2550,3220,2617,2182,2138,1947
MS,0,0,0,0,0,0,0,0,0,0,0,0,0,0,0,0,0,0,0,0,0,0,0,0,0,0,0,0,0,0,0,0,0,0,0,0,0,0,0,0,0,0,0,0,0,0,0,0,0,0,3,17,13,0,7,30,44,54,101,202,218,138,225,205,370,0,0,914,299,302,427,383,581,356,612,336,591,309,850,696,588,474,534,487,924,874,568,615,1011,790,679,612,860,944,944,659,618,840,743,850,1327,769,376,1095,1042,773,890,1371,931,444,588,783,615,1277,1109,1055,581,457,937,874,870,1327,1284,847,685,897,1068,1102,1411,1398,948,820,961,991,823,706,904,790,1633,1186,1253,0,2040,860,558,937,1169,1539,0,0,0,0,5685,2053,1761,3662,1851,1546,1236,2271,2288,2194,2920,3071,3310,773,1193,3226,2268,2362,3461,2658,2906,1304,2843,3387,4291,2943,3945,2661,4203,5490,5201,3300,5410,4818,4049,2201,4509,5057,5964,3911,3649,2060,1922,3511,4297,3326,3723,4045,1764,1616,2174,3625,2063,3172,2769,1280,927,2671,4529,2950,2772,3330,2130,1707,2742,2893,2029,2080,2470,2161,927,2127,2641,2527,2752,1811,1381,813,827,1421,1741,2866,1502,847,514,1697,2389
MT,0,0,0,0,0,0,0,0,0,0,0,0,0,0,0,0,0,0,0,0,0,0,0,0,0,0,0,0,0,0,0,0,0,0,0,0,0,0,0,0,0,0,0,0,0,0,0,0,0,0,0,37,19,0,19,0,0,19,84,75,65,103,56,131,225,290,253,131,150,196,178,225,196,178,140,206,0,122,0,0,0,0,0,0,0,767,84,37,65,0,37,19,28,19,9,28,9,19,0,9,0,19,0,19,0,0,0,19,9,0,9,19,9,0,37,19,0,19,9,65,0,0,37,0,0,0,19,37,75,112,94,37,37,19,131,19,9,47,28,56,75,28,94,140,122,65,56,159,225,103,281,178,150,37,374,337,271,215,94,524,449,290,833,412,374,421,346,749,412,898,1188,749,777,777,973,290,2133,1310,964,571,833,823,982,908,1198,2021,814,356,898,1853,1291,1853,664,1020,412,758,1076,1619,1441,1198,608,580,851,1553,1301,1235,1104,814,402,533,1029,1095,1319,1516,487,571,1263,1516,1347,1244,1778,823,767,823,1703,1684,1385,1347,936,487,599,823,1815,1160,1310,898,805,1263,1768
NC,0,0,0,0,0,0,0,0,0,0,0,0,0,0,0,0,0,0,0,0,0,0,0,0,0,0,0,0,0,0,0,0,0,0,0,0,0,0,0,0,0,1,0,0,1,0,0,5,1,8,0,1,14,1,7,0,21,71,0,44,65,34,97,98,125,134,158,223,133,180,85,262,227,295,174,272,333,195,215,244,376,204,249,200,106,262,457,254,309,226,155,220,292,383,429,236,189,476,322,477,863,557,153,171,391,480,604,454,469,380,266,294,450,657,596,808,510,483,648,405,699,723,1051,472,687,174,487,748,1028,1127,0,1508,594,852,1032,1134,1500,874,789,699,836,1244,1738,1497,1378,824,746,900,1294,1546,1632,1338,765,809,1401,1158,1608,1627,1546,1276,1133,1743,1564,1986,1370,1264,1465,1292,1369,1945,1888,2337,1825,1739,1875,1697,2060,1957,2366,1732,1212,1729,2025,1672,2142,2010,1546,1545,1671,1669,2246,1863,1649,1276,1256,1552,1072,1887,1473,1832,1372,591,998,0,2844,1288,1465,1187,539,1203,1092,1891,1911,1649,1403,1213,1292,1189,1994,1350,2464,1000,1123,2019,1078,1573,0,3443,1031,962,687,861,1168,1461,1385,1137,802,1064,1085
ND,0,0,0,0,0,0,0,0,0,0,0,0,0,0,0,0,0,0,0,0,0,0,0,0,0,0,0,0,0,0,0,0,0,0,0,0,0,0,0,0,0,0,0,0,0,0,0,0,0,0,13,0,0,0,0,52,26,157,92,26,26,26,52,118,171,131,328,52,157,223,276,157,184,171,276,236,157,184,236,118,197,197,302,131,315,367,0,0,0,3071,210,472,394,512,722,840,971,643,564,446,525,604,499,446,538,735,630,709,512,341,341,722,984,879,643,1129,656,394,853,1129,1443,1037,630,643,499,236,223,551,512,446,302,643,289,433,354,512,932,591,236,289,525,512,472,551,289,276,302,892,0,433,341,486,328,79,971,328,525,0,486,577,486,512,551,853,748,486,433,630,958,1299,1115,1168,1194,1417,669,945,1352,1588,1522,1483,0,1404,1063,2086,3241,1601,1811,1470,2034,1115,971,2218,1745,774,1614,1955,1627,1562,1968,2401,1168,1522,2231,1129,2624,1981,1627,1876,774,1785,2401,3582,3018,3425,1837,1614,2992,3084,4462,4107,4934,0,4265,2519,3491,4737,4527,4698,3792,2139,919,3372,4383,3162,6102,5498,3307,3202,3530
NE,0,0,0,0,0,0,0,0,0,0,0,0,0,0,0,0,0,0,0,0,0,0,0,0,0,0,0,0,0,0,0,0,0,0,0,0,0,0,0,0,0,0,0,0,5,0,0,16,5,26,5,10,26,0,0,31,0,36,26,47,5,16,16,36,57,36,109,109,119,124,181,248,155,176,186,243,414,227,279,362,295,279,388,212,217,233,222,827,191,481,739,1241,1132,1111,1468,636,1877,2068,2481,2440,2838,2476,1742,2021,1794,1716,2068,3246,2047,414,1132,729,1949,1721,1892,2290,626,1478,1179,1354,1561,1256,1546,781,1168,1318,1877,1375,1995,1292,993,1298,1401,1391,1303,1360,853,476,631,688,729,1504,1055,620,465,672,967,987,946,905,563,527,775,719,657,739,900,1272,626,734,724,682,786,1101,817,527,594,1034,1173,812,925,1261,905,1173,1634,1334,786,1194,615,491,1354,1789,1520,1696,1846,1132,1132,1401,1323,1354,1778,2316,0,967,1582,1267,1184,1613,1737,1458,760,987,1215,1716,1086,2233,1670,1334,667,956,1329,1049,1654,2197,553,858,1649,1918,2057,1789,1649,1499,1184,1468,2120,2404,1091,750,388,486,2549,2280,2316,2476,1380,414,2275,1706,2269
NH,0,0,0,0,0,0,0,0,0,0,0,0,0,0,0,0,0,0,0,0,0,0,0,0,0,0,0,0,0,0,0,0,0,0,0,0,0,0,0,0,7,7,0,0,0,0,15,0,7,0,7,0,7,44,29,66,96,37,74,74,103,169,51,213,147,221,199,397,0,169,0,1383,449,566,338,375,235,302,0,721,316,404,250,530,368,522,537,434,353,390,243,699,647,419,500,552,485,566,353,684,1118,794,706,544,353,735,743,706,449,471,625,625,441,552,816,640,294,250,662,0,1544,566,566,449,368,250,419,758,0,1191,758,250,441,338,603,0,1037,191,265,390,346,250,302,353,140,199,162,530,125,265,235,184,96,110,191,118,419,331,228,103,162,147,140,250,0,287,125,154,147,154,125,243,191,110,206,162,191,184,177,103,331,103,243,177,419,294,147,44,434,96,206,302,228,154,184,221,199,169,272,265,125,81,154,177,257,316,125,59,118,96,140,88,154,169,66,243,103,81,235,162,221,59,0,324,0,360,162,360,206,228,118,184,404,360,235,309,132,265,243
NJ,0,0,0,0,0,0,0,0,0,0,0,0,0,0,0,0,0,0,0,0,0,0,0,0,0,0,0,0,0,0,0,0,0,0,0,0,0,0,0,0,0,0,0,2,0,2,1,11,0,0,16,20,28,29,88,83,164,266,187,438,570,832,673,494,2172,1625,1708,2261,2728,2501,3077,3356,4912,5744,3935,4375,5208,4367,4454,4400,3702,3770,3158,4212,3061,4985,3917,3292,4553,3852,4110,3414,4572,3133,3718,3818,2266,3116,2825,2845,2739,2740,3447,1710,2726,1411,2012,2047,1832,1591,1435,927,888,1209,1259,1208,1455,2048,1156,1478,1005,1280,454,1100,1169,776,873,1348,1220,1012,1057,540,612,692,539,948,608,348,376,369,641,515,400,524,330,258,358,326,428,412,341,415,270,294,204,373,405,345,361,131,396,326,438,426,275,394,247,279,238,229,401,385,328,242,436,378,234,109,256,-1,220,289,629,346,511,572,538,512,566,557,240,777,406,341,299,0,839,418,394,427,383,292,483,431,515,572,570,387,351,370,390,229,322,484,288,254,349,336,341,373,382,298,386,432,357,423,504,365,348,381,302,373,474,528,510,332,372,501,421
NM,0,0,0,0,0,0,0,0,0,0,0,0,0,0,0,0,0,0,0,0,0,0,0,0,0,0,0,0,0,0,0,0,0,0,0,0,0,0,0,0,0,0,0,0,0,0,0,0,0,14,10,24,14,0,38,10,24,33,38,67,38,81,62,81,114,234,110,124,224,162,224,196,424,243,386,296,515,339,591,482,401,334,482,0,0,1202,544,415,224,601,0,1140,792,692,663,305,472,720,1140,944,486,1044,558,858,510,720,968,811,472,405,906,601,668,639,715,0,186,1726,458,510,625,730,0,0,1722,429,568,520,582,601,296,520,515,0,925,916,596,668,582,196,701,467,649,410,396,453,405,444,401,482,510,453,606,668,649,944,1011,1002,878,820,768,601,1154,1149,1364,920,1188,1044,1364,1111,1421,1064,1207,1250,1073,1555,1412,1512,1259,1121,1164,1440,1402,1636,1469,1431,1202,1335,1335,1283,1183,1011,868,1049,529,1002,1021,963,873,682,949,615,935,825,811,820,663,506,391,343,763,863,506,396,1421,343,305,944,897,582,644,501,320,515,725,949,429,692,277,186,181,405,773,630,458,472,339,372,558
NV,0,0,0,0,0,0,0,0,0,0,0,0,0,0,0,0,0,0,0,0,0,0,0,0,0,0,0,0,0,0,0,0,0,0,0,0,0,0,0,0,0,0,0,3,3,0,6,0,10,0,13,29,3,16,62,32,0,117,201,10,0,84,321,104,347,325,380,45,750,510,383,610,669,516,390,351,519,539,565,545,0,0,0,0,0,2273,445,545,318,286,422,477,432,480,565,308,273,247,484,289,114,1078,269,0,123,334,282,10,1130,214,75,461,630,321,536,250,221,0,812,0,1104,26,912,380,243,331,198,308,448,471,315,308,39,500,831,487,737,516,445,828,377,997,701,1003,672,269,1312,552,1032,1042,1321,987,1234,1347,1175,1711,1536,3185,2652,2396,1825,2094,2049,3198,2786,2737,1594,2841,1675,2367,2831,3026,2743,2698,3584,3062,4393,4477,3844,4175,3078,2646,3961,3805,3136,3013,3325,3237,3594,2828,3224,4107,3208,3636,3211,3305,2107,2367,3165,2880,2630,2409,1782,1711,1954,3571,2789,2263,2136,2140,1243,1666,4568,464,1727,1325,1302,808,1711,2130,1961,1445,929,101,2071,0,2691,1256,1643,1127,448,480,925,821,1318,1003,906,993,633
NY,0,0,0,0,0,0,0,0,0,0,0,0,0,0,0,0,0,0,0,0,0,0,0,0,0,0,0,0,0,0,0,0,0,0,0,0,0,0,0,0,1,1,5,6,1,27,15,20,14,17,61,30,74,58,98,367,775,1327,1135,2206,1863,2646,2399,3784,3089,3000,4365,3052,4057,3759,3951,4244,6817,5264,4277,4448,4194,5391,5377,5436,5113,4234,3258,3689,5948,4372,3782,3645,3112,2429,2249,2904,3044,4179,5425,3034,2031,1599,2357,2406,2026,2397,1767,1305,1151,1432,1795,1510,1396,1168,853,735,1119,1229,1420,1243,971,643,758,784,1073,872,911,817,642,551,580,909,797,707,571,484,683,537,539,553,570,401,361,351,346,378,423,471,357,319,324,291,318,409,368,341,284,307,299,385,414,361,317,196,261,387,397,472,372,276,266,306,36,613,402,380,348,286,469,427,395,399,388,258,267,440,357,418,386,391,276,313,274,368,399,331,387,273,346,317,326,362,367,361,265,245,343,360,379,374,377,312,210,337,324,309,364,336,294,210,323,291,407,327,326,359,337,388,364,457,444,412,375,267,286,296,389,452,436,373,300,394,335
OH,0,0,0,0,0,0,0,0,0,0,0,0,0,0,0,0,0,0,0,0,0,0,0,0,0,0,0,0,0,0,0,0,0,0,0,0,0,0,0,0,0,0,0,0,0,0,0,3,0,1,1,7,10,10,11,15,16,28,43,67,88,68,113,122,133,236,230,210,241,226,299,305,351,364,259,343,291,314,311,312,315,304,315,264,438,530,596,947,1160,1149,692,335,491,399,350,325,326,378,456,615,614,511,495,480,423,518,475,758,576,332,595,410,401,544,510,445,385,449,429,413,630,537,524,429,483,453,371,408,556,398,410,402,315,381,417,408,301,314,307,277,354,359,368,365,256,365,370,356,599,516,456,468,625,505,542,761,846,696,731,632,636,921,0,2046,791,828,689,812,1092,983,1304,1163,1180,1075,980,1127,1104,1436,1319,950,1058,895,1305,1236,1335,1228,761,945,1130,1194,1483,1311,793,808,796,980,1025,998,1031,1105,752,757,937,1217,1007,968,951,528,663,735,813,949,912,952,551,725,719,934,1064,1110,1037,791,763,1246,988,1152,1138,1146,664,661,565,834,960,1059,1063,713,924,861,884
OK,0,0,0,0,0,0,0,0,0,0,0,0,0,0,0,0,0,0,0,0,0,0,0,0,0,0,0,0,0,0,0,0,0,0,0,0,0,0,0,0,0,0,0,0,0,3,0,3,0,0,3,3,0,10,5,18,30,35,15,10,35,35,63,147,200,0,339,131,129,217,387,399,278,430,238,187,361,136,402,273,195,258,235,293,212,238,0,0,0,0,1137,222,308,0,447,149,71,326,164,364,331,260,303,182,200,190,323,230,159,248,66,306,318,273,311,392,179,220,233,114,369,432,268,197,139,116,227,111,172,207,0,273,412,291,253,250,144,227,136,397,298,371,553,579,399,450,581,665,1130,897,839,1205,548,748,1218,1102,1001,756,756,576,1476,915,1079,1327,1466,715,1092,2173,1703,1519,1509,1736,1152,1289,2512,2717,1577,1772,2310,528,430,2257,2461,1688,2904,2426,3035,3156,3096,2143,2795,1873,3149,1248,1011,2171,2805,2125,2120,2093,1256,1016,1918,1686,1799,2002,2274,1357,933,1559,1521,1827,2755,2161,1435,892,1663,1678,1777,1787,2542,1926,1625,1724,1948,2234,2515,2919,1084,1554,2080,2196,2047,2373,2509,1741,2209,2734,2451
OR,0,0,0,0,0,0,0,0,0,0,0,0,0,0,0,0,0,0,0,0,0,0,0,0,0,0,0,0,0,0,0,0,0,0,0,0,0,0,2,0,5,0,0,0,0,7,19,0,2,9,12,14,14,7,19,43,21,33,62,55,57,69,45,133,119,235,154,164,135,199,109,213,173,239,161,154,116,138,194,119,180,190,133,116,73,173,114,138,159,107,114,135,159,121,180,138,100,76,145,152,161,135,107,187,187,183,171,187,216,159,138,161,135,159,138,175,28,147,97,173,43,114,57,90,55,45,166,114,114,130,138,138,78,152,178,228,218,339,270,166,168,417,337,375,237,436,657,289,349,488,420,448,344,453,403,296,590,657,583,341,408,652,861,811,697,711,391,498,503,870,635,941,759,635,873,654,1015,695,823,1015,640,688,602,756,929,896,652,785,778,723,970,856,792,659,616,792,654,593,974,889,597,536,673,586,666,742,960,579,446,536,458,697,607,680,550,496,541,458,462,695,564,624,375,550,308,621,624,607,446,344,394,273,434,503,664,448,351,422,453
PA,0,0,0,0,0,0,0,0,0,0,0,0,0,0,0,0,0,0,0,0,0,0,0,0,0,0,0,0,0,0,0,0,0,0,0,0,0,0,0,0,0,0,0,0,2,0,3,5,2,4,2,15,5,14,8,16,29,41,66,80,84,130,162,269,384,414,416,503,537,592,755,946,1097,1247,1156,1154,1239,1312,1554,1367,1310,920,1065,898,894,972,1332,1271,951,741,1008,904,1073,1249,1089,873,691,948,862,1088,944,1040,750,644,676,691,835,1033,842,1010,425,652,562,733,773,772,487,638,481,580,761,677,570,569,370,353,612,488,541,532,398,278,476,402,415,352,548,393,276,385,319,366,536,362,262,248,283,266,326,410,394,363,356,398,387,452,468,485,387,391,483,497,650,521,494,377,352,777,663,561,789,634,451,371,726,777,610,805,597,614,555,800,494,753,948,823,623,655,869,648,683,757,696,511,441,667,551,630,592,634,594,469,646,663,775,648,662,517,301,573,446,618,541,623,482,333,439,392,483,648,658,528,408,601,635,909,696,751,540,423,390,729,461,787,718,59,925,898,608
RI,0,0,0,0,0,0,0,0,0,0,0,0,0,0,0,0,0,0,0,0,0,0,0,0,0,0,0,0,0,0,0,0,0,0,0,0,0,0,0,9,9,0,0,0,0,9,0,0,0,0,0,28,0,0,0,0,0,0,0,0,0,0,0,935,302,264,463,264,614,1001,982,396,0,330,1227,1435,1227,1284,1378,76,3587,0,0,7731,1246,3502,3276,3125,2983,2237,2558,3748,3332,2992,3436,3766,2048,1057,4909,3342,3068,2728,2303,1208,0,0,0,0,0,0,16652,1255,3521,0,0,0,0,0,0,9543,2058,1794,2266,935,0,0,2917,991,1038,0,0,0,0,0,0,0,0,0,9496,0,0,0,0,0,0,4220,0,0,0,0,0,0,3974,0,0,0,0,0,0,2681,0,0,0,2586,0,0,0,0,0,0,0,0,0,0,0,0,0,0,0,0,6598,0,3880,0,0,0,0,0,0,5956,0,0,0,0,0,0,5815,0,0,0,0,0,0,6381,0,0,0,0,0,0,5635,0,0,0,0,0,0,6381,0,0,0,0,0,0,5107,0,0,0,0,0,0,4474,0,0,0,0,0,0,5192
SC,0,0,0,0,0,0,0,0,0,0,0,0,0,0,0,0,0,0,0,0,0,0,0,0,0,0,0,0,0,0,0,0,0,0,0,0,0,0,0,0,0,0,0,0,4,6,4,4,2,4,2,0,12,17,10,27,25,39,85,91,43,202,84,163,56,167,235,210,305,307,408,505,284,416,262,353,359,264,468,528,0,480,247,223,206,497,322,311,249,126,332,297,307,295,340,0,715,239,286,416,309,449,256,254,171,192,396,437,319,235,254,237,241,317,412,499,297,239,225,237,400,501,503,383,165,462,402,322,666,1356,58,552,522,456,678,864,919,719,994,824,1045,1319,1424,1525,1631,1128,1193,1088,1898,2100,2230,1754,1931,1783,2467,2169,2533,3084,2663,2573,3401,2937,3453,3547,3587,2830,2970,1880,3022,3451,3346,4405,3782,2948,4306,3595,3513,3840,2989,4601,2812,3667,3224,3018,3851,2673,2288,2362,3207,3296,3296,2739,3016,2294,2226,2333,2395,2515,5063,6,3277,1348,1956,3422,0,1843,2022,1187,886,1400,1437,1765,2057,1779,1334,1086,1837,1167,992,2628,2521,2067,1311,1657,1286,2317,3162,1870,1278,1169,649,573,808,4764,1812,3663,1567,1552,1266
SD,0,0,0,0,0,0,0,0,0,0,0,0,0,0,0,0,0,0,0,0,0,0,0,0,0,0,0,0,0,0,0,0,0,0,0,0,0,0,0,0,0,0,0,0,0,0,0,11,45,23,11,11,0,0,11,11,0,34,0,0,79,68,34,124,57,136,113,249,113,0,328,407,249,283,317,509,384,825,610,983,1040,1153,1560,1356,2057,1616,1130,1469,1063,0,1356,1164,1108,938,1221,735,362,769,690,859,848,712,486,418,599,656,1436,2702,2803,1402,1096,554,769,690,1074,803,328,441,656,1040,814,1198,1266,1074,260,757,599,916,893,1040,384,463,350,1063,961,339,1051,780,373,588,904,701,870,1029,723,339,441,950,576,441,1017,825,317,305,757,678,633,995,610,407,576,701,769,950,554,396,475,678,893,1051,712,622,475,283,576,904,475,1085,814,509,418,848,644,735,622,1187,1006,554,554,1662,463,882,1164,972,712,656,995,1176,1356,1119,1436,667,588,1153,916,1447,1063,1752,983,938,1390,1413,2170,2860,1594,1684,904,735,7020,3662,4815,4262,2125,2702,2894,3775,2882,3335,2476,2114,1210,1944,2984,3199,3617,2261,1831,2170,3391
TN,0,0,0,0,0,0,0,0,0,0,0,0,0,0,0,0,0,0,0,0,0,0,0,0,0,0,0,0,0,0,0,0,0,0,0,0,0,0,0,0,0,0,0,1,0,0,3,0,6,1,13,1,21,10,19,31,37,42,88,163,129,114,103,95,187,236,253,306,395,294,373,780,433,312,354,236,507,384,395,398,329,344,360,190,303,245,701,262,356,293,272,611,618,756,568,677,423,265,474,523,1690,985,697,441,214,461,252,518,482,308,782,556,636,636,382,444,138,760,580,274,646,612,558,476,637,521,573,526,562,653,551,748,1040,637,526,691,745,445,745,958,515,700,1128,614,1164,972,1098,532,955,1600,704,780,663,1193,1246,1166,1775,1157,0,2696,1741,2428,2224,2481,1874,1694,1037,2170,3280,2299,2510,2183,1395,4217,2145,3268,3503,3163,3519,2321,2141,3148,1551,3627,2959,2617,4008,3640,3549,2671,3097,4311,3378,1912,1504,2633,2463,3082,3481,2543,2968,1747,1502,2218,2880,2930,1986,2573,1624,1598,2913,2117,2352,1974,2450,994,1211,2769,2609,2343,2173,1163,2609,1978,1986,2956,1502,2645,2445,1354,917,1242,4189,2353,1545,1214,3327,1372,2779
TX,0,0,0,0,0,0,0,0,0,0,0,0,0,0,0,0,0,0,0,0,0,0,0,0,0,0,0,0,0,0,0,0,0,0,0,0,0,0,0,0,0,0,0,1,0,1,1,2,2,0,1,5,5,2,0,5,11,31,31,12,16,116,66,109,126,117,107,151,146,179,229,237,259,227,222,199,369,367,291,507,318,268,165,141,447,317,318,172,290,123,254,300,303,297,333,293,227,288,297,351,387,442,345,271,357,356,392,422,431,340,345,405,461,491,461,620,268,307,412,436,360,458,365,290,215,217,469,639,417,466,673,204,565,577,557,583,668,491,225,670,844,626,721,806,661,436,1316,1083,1210,1197,1514,1333,1131,1907,1914,2060,1971,1980,1850,1477,2398,2789,2730,2604,2850,1187,1834,3456,3440,3376,3304,3252,2644,1774,3509,3462,6708,3402,3801,2976,2042,3618,3270,3302,2956,2223,1934,1523,3397,3018,3254,2882,3261,0,3912,3190,3089,2650,2475,2426,1727,1539,3412,2192,2335,2373,2894,2117,2736,2536,2397,1898,1698,2095,1403,992,2104,1814,1973,1393,1585,1290,1001,1587,1537,1333,1868,1453,1075,641,557,1526,1385,1205,1528,1208,886,1846,2115
UT,0,0,0,0,0,0,0,0,0,0,0,0,0,0,0,0,0,0,0,0,0,0,0,0,0,0,0,0,0,0,0,0,0,0,0,0,0,0,0,0,0,0,0,0,0,3,0,3,0,0,9,3,41,6,22,72,44,41,100,75,137,218,131,143,193,262,359,340,284,259,393,215,527,552,533,259,200,337,405,387,315,315,181,168,421,437,381,393,405,471,259,474,518,490,546,521,365,250,574,549,487,474,599,462,402,455,390,627,568,427,371,246,561,412,499,496,518,437,465,590,487,571,627,399,409,303,303,742,1042,0,168,2118,677,961,979,1475,1650,200,1416,795,820,1397,942,1235,1098,315,1741,1170,1750,1722,1962,1254,1363,1254,1457,1859,2056,1765,1606,1691,1887,1401,1731,1769,2168,1285,1659,1750,2202,2124,2670,1984,1656,1837,1694,1323,352,4071,2293,2227,1600,1460,1996,1622,2617,1959,1092,1569,1301,1151,1447,1747,1382,1114,1422,1344,1257,1784,1522,721,1516,939,1029,1085,1085,1787,1057,926,901,792,889,1681,1435,1082,936,758,1260,1301,1173,1238,1410,1310,848,914,1385,1516,1475,237,2280,1270,1032,1048,1132,1781,2006,2021,1625,1800,2364
VA,0,0,0,0,0,0,0,0,0,0,0,0,0,0,0,0,0,0,0,0,0,0,0,0,0,0,0,0,0,0,0,0,0,0,0,0,0,0,0,0,0,0,0,0,0,0,2,5,0,0,0,25,12,4,6,26,12,19,26,43,78,40,42,117,82,169,158,176,152,268,275,258,360,465,267,282,534,368,465,542,664,231,539,511,388,460,702,657,568,530,757,746,859,1605,706,0,668,938,726,1038,1234,978,1094,961,902,0,1537,902,996,1036,1155,858,1109,1248,1010,1181,825,882,1170,895,1442,956,908,610,1735,1884,1067,1353,1323,1262,1167,927,974,788,1113,792,1006,1199,963,580,515,556,658,774,745,443,524,518,546,640,740,639,546,628,635,513,739,792,568,533,697,499,624,767,840,746,394,769,750,718,1102,997,1039,1139,938,1269,1064,1172,1097,1241,1105,1162,1189,1001,1322,1457,1119,1761,1084,1173,1067,1153,1072,1145,1544,1356,933,964,2353,1532,1046,774,1173,904,1296,1427,1072,1088,849,1018,872,1009,1148,1422,1046,771,1173,972,1311,1181,1439,1091,986,1202,1085,1327,1305,1108,1404,756,975,1035,1448,1310,1525,1018,888,1098,1003
VT,0,0,0,0,0,0,0,0,0,0,0,0,0,0,0,0,0,0,0,0,0,0,0,0,0,0,0,0,0,0,0,0,0,0,0,0,0,0,0,0,0,0,0,0,0,0,16,0,0,0,16,0,32,0,64,64,0,32,0,256,369,0,673,449,433,449,417,369,433,433,401,433,801,1074,785,369,801,401,369,529,753,321,321,64,48,192,160,369,144,16,176,64,64,32,208,128,112,112,0,64,208,112,176,80,48,48,112,32,48,96,0,16,64,0,32,0,96,0,32,0,128,32,64,0,96,80,48,48,32,32,64,32,80,32,561,32,304,272,192,128,176,256,144,96,32,16,32,0,80,144,48,192,64,16,321,112,32,112,16,96,0,32,288,144,32,176,32,32,48,256,80,96,208,80,64,208,112,144,48,144,144,128,16,176,112,192,64,64,16,0,16,112,80,80,16,64,112,144,48,96,80,32,176,96,96,272,128,96,192,48,48,64,64,192,64,128,96,64,160,64,256,160,144,112,48,48,80,64,32,48,48,0,80,128,144,112,176,112,16
WA,1,0,0,0,0,0,0,0,0,0,0,0,0,0,0,0,0,0,0,0,0,0,0,0,0,0,0,0,0,0,0,0,0,0,0,0,0,0,8,5,9,12,16,41,11,32,26,53,135,84,108,118,134,81,151,205,110,269,218,331,247,359,376,251,730,756,546,499,680,326,416,402,280,431,735,418,590,643,579,445,554,437,343,336,255,410,244,478,349,398,295,267,337,340,397,286,244,235,305,357,382,452,285,380,196,377,439,185,391,307,305,246,219,295,215,460,204,294,265,217,168,205,427,295,324,171,292,466,397,361,456,352,298,427,311,370,583,368,412,418,361,205,496,483,366,372,546,362,494,577,767,637,247,678,624,649,642,716,458,582,791,682,1049,781,662,783,1367,658,662,830,871,0,1865,1401,755,995,1567,1142,1262,1166,1048,1001,930,972,1106,1318,1024,896,1188,1027,1027,0,2240,907,675,898,890,1095,914,0,1892,767,651,728,833,1041,935,752,380,700,588,906,487,1052,555,477,431,592,714,783,749,558,423,402,554,632,621,653,500,415,0,621,599,735,608,461,410,435,443
WI,0,0,0,0,0,0,0,0,0,0,0,0,0,0,0,0,0,0,0,0,0,0,0,0,0,0,0,0,0,0,0,0,0,0,0,0,0,0,0,0,0,0,0,0,0,0,0,5,0,0,5,22,14,10,24,43,58,84,88,127,172,58,70,222,210,234,252,211,187,223,340,311,319,337,264,295,240,304,222,316,249,220,148,220,285,263,292,259,252,268,210,386,352,522,570,386,292,357,395,574,790,596,522,467,565,574,543,644,598,479,345,330,502,639,704,860,611,247,340,902,816,878,826,689,527,476,1032,878,1257,898,297,237,651,819,850,617,555,452,342,472,489,563,548,472,412,299,455,443,727,477,661,481,424,455,744,795,895,926,780,546,1029,931,926,991,1268,900,831,850,1027,1290,1451,1596,1321,847,1656,1412,1542,1515,1680,1424,1202,1920,1226,1805,1748,1637,1640,1012,1309,1499,1821,1429,1824,1582,696,1247,1510,1453,1699,2001,1065,862,1243,831,1620,1748,1429,1168,781,1097,1139,1271,1420,1628,778,672,1096,1321,1503,1455,1403,922,450,1692,938,1252,2568,1628,1532,969,1235,1475,2657,2353,2324,2715,1326,11990,2581
WV,0,0,0,0,0,0,0,0,0,0,0,0,0,0,0,0,0,0,0,0,0,0,0,0,0,0,0,0,0,0,0,0,0,0,0,0,0,0,0,0,0,0,0,0,0,0,0,0,0,0,0,0,0,0,0,6,6,11,22,22,22,22,100,61,0,262,95,56,123,95,151,156,112,246,218,139,374,374,229,296,100,78,145,324,162,22,285,273,363,106,123,179,112,218,33,139,145,89,84,95,151,167,56,162,100,190,117,156,134,67,50,50,151,134,145,0,151,11,128,190,285,128,519,218,95,123,0,658,223,151,151,78,151,167,123,112,106,33,100,89,89,134,117,139,167,45,206,151,234,201,268,262,112,173,179,262,301,262,296,184,223,262,413,396,357,664,513,591,876,1462,580,519,742,603,826,525,781,960,625,312,234,452,1601,564,804,709,748,519,670,859,564,1216,513,664,647,430,591,591,965,725,703,335,692,759,792,731,910,625,407,547,379,971,502,658,480,218,491,826,536,1066,798,781,753,1428,809,1133,1066,1406,692,904,458,826,1116,926,1953,960,692,898,1233
WY,0,0,0,0,0,0,0,0,0,0,0,0,0,0,0,0,0,0,0,0,0,0,0,0,0,0,0,0,0,0,0,0,0,0,0,0,0,0,0,0,0,0,0,0,0,0,0,0,0,0,17,17,17,0,121,86,52,0,69,35,35,52,138,207,104,311,190,17,173,432,294,276,225,363,207,225,156,156,156,225,156,156,86,121,104,138,156,69,69,69,86,69,86,294,207,121,363,104,156,190,86,173,104,156,138,467,69,121,86,156,104,35,190,104,207,311,121,190,3421,207,225,35,190,415,104,121,173,276,259,104,104,121,35,52,104,190,104,138,190,207,173,501,328,380,138,363,173,449,501,518,104,294,587,415,484,760,726,415,432,553,639,536,570,553,415,484,708,587,518,484,397,847,397,708,812,605,708,743,674,311,1054,864,864,1037,1002,674,518,778,1209,674,985,708,743,657,674,605,657,501,726,207,346,259,553,259,553,1140,778,1019,760,553,1175,639,968,346,605,432,536,847,0,1382,363,622,346,432,743,449,864,276,536,0,1227,847,778,1106,553,847,881,795,2212
