County Name,1/22/2020,1/23/2020,1/24/2020,1/25/2020,1/26/2020,1/27/2020,1/28/2020,1/29/2020,1/30/2020,1/31/2020,2/1/2020,2/2/2020,2/3/2020,2/4/2020,2/5/2020,2/6/2020,2/7/2020,2/8/2020,2/9/2020,2/10/2020,2/11/2020,2/12/2020,2/13/2020,2/14/2020,2/15/2020,2/16/2020,2/17/2020,2/18/2020,2/19/2020,2/20/2020,2/21/2020,2/22/2020,2/23/2020,2/24/2020,2/25/2020,2/26/2020,2/27/2020,2/28/2020,2/29/2020,3/1/2020,3/2/2020,3/3/2020,3/4/2020,3/5/2020,3/6/2020,3/7/2020,3/8/2020,3/9/2020,3/10/2020,3/11/2020,3/12/2020,3/13/2020,3/14/2020,3/15/2020,3/16/2020,3/17/2020,3/18/2020,3/19/2020,3/20/2020,3/21/2020,3/22/2020,3/23/2020,3/24/2020,3/25/2020,3/26/2020,3/27/2020,3/28/2020,3/29/2020,3/30/2020,3/31/2020,4/1/2020,4/2/2020,4/3/2020,4/4/2020,4/5/2020,4/6/2020,4/7/2020,4/8/2020,4/9/2020,4/10/2020,4/11/2020,4/12/2020,4/13/2020,4/14/2020,4/15/2020,4/16/2020,4/17/2020,4/18/2020,4/19/2020,4/20/2020,4/21/2020,4/22/2020,4/23/2020,4/24/2020,4/25/2020,4/26/2020,4/27/2020,4/28/2020,4/29/2020,4/30/2020,5/1/2020,5/2/2020,5/3/2020,5/4/2020,5/5/2020,5/6/2020,5/7/2020,5/8/2020,5/9/2020,5/10/2020,5/11/2020,5/12/2020,5/13/2020,5/14/2020,5/15/2020,5/16/2020,5/17/2020,5/18/2020,5/19/2020,5/20/2020,5/21/2020,5/22/2020,5/23/2020,5/24/2020,5/25/2020,5/26/2020,5/27/2020,5/28/2020,5/29/2020,5/30/2020,5/31/2020,6/1/2020,6/2/2020,6/3/2020,6/4/2020,6/5/2020,6/6/2020,6/7/2020,6/8/2020,6/9/2020,6/10/2020,6/11/2020,6/12/2020,6/13/2020,6/14/2020,6/15/2020,6/16/2020,6/17/2020,6/18/2020,6/19/2020,6/20/2020,6/21/2020,6/22/2020,6/23/2020,6/24/2020,6/25/2020,6/26/2020,6/27/2020,6/28/2020,6/29/2020,6/30/2020,7/1/2020,7/2/2020,7/3/2020,7/4/2020,7/5/2020,7/6/2020,7/7/2020,7/8/2020,7/9/2020,7/10/2020,7/11/2020,7/12/2020,7/13/2020,7/14/2020,7/15/2020,7/16/2020,7/17/2020,7/18/2020,7/19/2020,7/20/2020,7/21/2020,7/22/2020,7/23/2020,7/24/2020,7/25/2020,7/26/2020,7/27/2020,7/28/2020,7/29/2020,7/30/2020,7/31/2020,8/1/2020,8/2/2020,8/3/2020,8/4/2020,8/5/2020,8/6/2020,8/7/2020,8/8/2020,8/9/2020,8/10/2020,8/11/2020,8/12/2020,8/13/2020,8/14/2020,8/15/2020,8/16/2020,8/17/2020,8/18/2020,8/19/2020,8/20/2020,8/21/2020,8/22/2020,8/23/2020,8/24/2020,8/25/2020,8/26/2020,8/27/2020,8/28/2020,8/29/2020,8/30/2020,8/31/2020,9/1/2020,9/2/2020,9/3/2020,9/4/2020,9/5/2020,9/6/2020,9/7/2020,9/8/2020,9/9/2020,9/10/2020,9/11/2020,9/12/2020,9/13/2020,9/14/2020,9/15/2020,9/16/2020
Adams County,0,0,0,0,0,0,0,0,0,0,0,0,0,0,0,0,0,0,0,0,0,0,0,0,0,0,0,0,0,0,0,0,0,0,0,0,0,0,0,0,0,0,0,0,0,0,0,0,0,0,2,3,5,5,5,8,8,10,12,14,18,25,27,38,50,71,95,110,152,181,212,260,294,320,354,367,388,417,475,543,593,647,693,726,758,805,860,894,915,968,996,1033,1082,1252,1302,1348,1391,1430,1490,1585,1665,1730,1780,1815,1883,1952,2046,2117,2205,2242,2278,2322,2374,2448,2520,2575,2613,2640,2675,2737,2759,2802,2856,2869,2908,2964,3006,3070,3142,3224,3258,3291,3338,3379,3458,3515,3552,3575,3605,3627,3643,3663,3698,3729,3743,3759,3771,3791,3819,3852,3872,3909,3932,3941,3971,4013,4058,4093,4148,4170,4185,4226,4267,4287,4322,4362,4400,4478,4546,4588,4669,4719,4757,4788,4847,4916,4972,5024,5058,5094,5133,5184,5248,5312,5433,5535,5587,5626,5713,5794,5868,5957,6018,6084,6115,6181,6248,6307,6375,6438,6491,6529,6581,6621,6677,6721,6771,6816,6848,6899,6967,7021,7078,7132,7166,7188,7248,7285,7331,7404,7445,7482,7507,7578,7623,7663,7703,7703,7745,7823,7863,7887,7921,7954,7996,8050,8103,8154,8225
Alamosa County,0,0,0,0,0,0,0,0,0,0,0,0,0,0,0,0,0,0,0,0,0,0,0,0,0,0,0,0,0,0,0,0,0,0,0,0,0,0,0,0,0,0,0,0,0,0,0,0,0,0,0,0,0,0,0,0,0,0,0,0,0,0,0,0,0,1,1,1,1,1,4,4,4,4,4,4,4,5,7,7,7,7,7,7,7,7,7,7,7,9,9,9,9,10,10,10,10,10,10,10,10,11,12,14,14,22,25,25,25,25,32,33,33,37,38,39,41,42,43,43,51,51,55,57,57,57,57,60,65,74,76,78,82,84,84,87,90,94,95,101,107,112,114,116,118,127,129,130,140,150,159,168,169,175,177,178,181,184,187,188,191,197,199,199,200,200,200,202,203,204,204,204,204,204,204,204,206,207,207,207,207,208,214,216,219,219,219,220,221,221,222,224,224,224,224,224,224,224,226,227,230,230,231,232,232,232,233,233,233,234,235,235,235,236,236,236,237,237,237,237,238,238,238,238,238,238,238,238,238,238,239,239,240,240,240,240,240,240,241
Arapahoe County,0,0,0,0,0,0,0,0,0,0,0,0,0,0,0,0,0,0,0,0,0,0,0,0,0,0,0,0,0,0,0,0,0,0,0,0,0,0,0,0,0,0,0,0,0,0,0,2,2,3,3,7,10,15,15,18,18,22,29,40,45,58,69,88,119,155,204,241,288,333,381,441,500,552,608,652,718,764,877,931,998,998,998,998,998,1342,1419,1498,1536,1602,1649,1717,1824,2030,2083,2160,2252,2312,2389,2472,2557,2625,2706,2758,2883,2977,3089,3148,3228,3272,3313,3370,3464,3526,3583,3652,3703,3767,3827,3889,3943,3974,4027,4039,4075,4121,4166,4201,4254,4353,4394,4416,4453,4496,4553,4591,4626,4637,4663,4687,4709,4723,4754,4788,4803,4818,4826,4861,4885,4905,4921,4941,4975,4993,5022,5066,5100,5127,5157,5172,5202,5234,5267,5300,5329,5354,5369,5421,5459,5510,5583,5627,5647,5682,5734,5789,5854,5934,5990,6032,6075,6140,6197,6276,6373,6470,6541,6570,6691,6749,6798,6877,6932,7004,7023,7093,7156,7194,7234,7286,7311,7340,7377,7405,7461,7497,7547,7594,7610,7646,7669,7706,7760,7791,7832,7853,7907,7928,7968,8014,8046,8067,8096,8141,8179,8214,8241,8241,8276,8311,8332,8361,8401,8434,8470,8510,8553,8606,8649
Archuleta County,0,0,0,0,0,0,0,0,0,0,0,0,0,0,0,0,0,0,0,0,0,0,0,0,0,0,0,0,0,0,0,0,0,0,0,0,0,0,0,0,0,0,0,0,0,0,0,0,0,0,0,0,0,0,0,0,0,0,0,0,0,0,0,0,0,0,0,0,1,1,1,1,1,1,1,6,6,6,6,6,6,6,6,6,6,6,6,7,7,7,7,8,8,8,8,8,8,8,8,8,8,8,8,8,8,8,8,8,8,8,8,8,8,8,8,8,8,8,8,8,8,8,8,8,8,8,8,8,8,8,8,8,8,8,8,8,8,8,8,8,8,8,8,8,8,8,8,8,8,8,8,8,8,8,8,8,8,8,8,8,8,8,9,9,10,10,11,11,12,12,12,12,12,12,12,13,15,18,18,18,19,22,24,24,24,25,27,28,30,30,31,32,33,33,33,33,34,35,35,35,36,36,36,38,39,40,40,40,41,42,42,43,43,44,44,45,46,46,46,46,46,47,48,48,48,48,48,48,48,48,48,48,48,48,48,48,48,48,48
Baca County,0,0,0,0,0,0,0,0,0,0,0,0,0,0,0,0,0,0,0,0,0,0,0,0,0,0,0,0,0,0,0,0,0,0,0,0,0,0,0,0,0,0,0,0,0,0,0,0,0,0,0,0,0,0,0,0,0,0,0,0,0,0,0,0,0,0,1,1,1,3,3,9,9,9,9,9,9,9,9,9,10,10,10,10,10,10,10,10,10,10,10,10,10,10,10,10,10,10,10,10,10,10,12,12,12,12,12,12,12,12,12,12,12,12,12,12,12,12,12,12,12,12,12,12,12,12,12,12,12,12,12,12,12,12,12,12,12,12,12,12,12,12,12,12,12,12,12,12,12,12,12,12,12,12,12,13,13,13,13,14,14,14,14,14,14,14,14,14,14,14,14,14,14,14,14,14,14,14,14,14,14,14,14,14,14,14,14,14,14,14,14,14,14,14,14,14,14,14,14,14,15,15,15,15,15,15,15,15,15,15,15,15,15,15,15,15,15,16,16,16,16,16,16,16,17,17,17,17,17,17,17,17,17,17,17,17,17,17,17
Bent County,0,0,0,0,0,0,0,0,0,0,0,0,0,0,0,0,0,0,0,0,0,0,0,0,0,0,0,0,0,0,0,0,0,0,0,0,0,0,0,0,0,0,0,0,0,0,0,0,0,0,0,0,0,0,0,0,0,0,0,0,0,0,0,0,0,0,0,0,0,0,0,0,0,0,0,0,0,0,0,0,0,0,0,0,0,0,0,0,0,0,0,0,0,0,0,0,0,0,0,0,0,0,0,0,0,0,0,0,0,1,1,1,1,1,1,1,1,1,1,1,1,2,2,2,2,2,2,2,2,2,2,2,2,2,2,2,2,3,3,3,3,3,3,3,3,3,3,3,3,3,3,3,4,4,4,4,4,4,4,4,4,4,4,4,4,4,4,4,4,4,4,4,4,4,4,5,5,5,5,5,5,5,5,5,5,5,5,5,5,5,5,5,5,5,5,6,8,8,9,9,9,9,9,9,9,9,10,11,11,11,11,11,11,11,11,11,11,11,11,11,11,11,11,11,11,11,11,11,11,11,11,11,11,11,11,11,11,11,11
Boulder County,0,0,0,0,0,0,0,0,0,0,0,0,0,0,0,0,0,0,0,0,0,0,0,0,0,0,0,0,0,0,0,0,0,0,0,0,0,0,0,0,0,0,0,0,0,0,0,0,0,0,0,0,0,3,3,8,8,11,16,30,37,39,49,51,66,76,84,90,100,107,114,132,143,154,177,189,206,207,217,234,246,264,284,293,300,312,327,342,352,360,390,417,426,470,497,500,515,543,565,580,618,646,661,679,685,700,720,743,757,767,777,788,797,805,825,835,844,857,871,878,890,898,923,928,932,941,947,956,964,974,980,984,986,995,1004,1008,1011,1016,1022,1027,1031,1040,1049,1065,1070,1088,1100,1137,1173,1211,1228,1243,1259,1282,1305,1321,1336,1347,1360,1367,1384,1401,1414,1424,1428,1435,1443,1454,1466,1486,1498,1513,1517,1532,1558,1578,1601,1619,1628,1642,1650,1662,1683,1704,1721,1751,1772,1782,1813,1825,1840,1872,1890,1912,1927,1946,1982,1997,2019,2026,2046,2059,2086,2098,2114,2120,2131,2136,2141,2145,2166,2184,2194,2215,2222,2231,2247,2252,2261,2272,2277,2287,2300,2315,2327,2347,2382,2382,2397,2468,2475,2534,2571,2612,2687,2777,2844,2876,3020
Broomfield County and City,0,0,0,0,0,0,0,0,0,0,0,0,0,0,0,0,0,0,0,0,0,0,0,0,0,0,0,0,0,0,0,0,0,0,0,0,0,0,0,0,0,0,0,0,0,0,0,0,0,0,0,0,0,0,0,0,0,0,1,1,1,2,5,8,10,13,16,17,18,20,21,30,36,44,50,50,50,52,61,68,74,81,81,88,92,95,98,101,101,103,106,110,113,126,135,139,141,145,147,150,157,163,165,167,178,180,186,191,195,198,200,201,203,204,207,209,211,213,214,215,218,220,220,220,221,224,226,227,232,236,240,242,244,245,251,252,253,255,256,258,258,259,261,264,264,265,268,270,271,274,277,278,280,282,284,287,291,291,295,297,298,301,307,307,312,314,316,320,324,333,336,341,341,342,348,352,354,358,358,359,362,364,371,373,376,378,382,383,385,387,392,398,406,415,417,421,436,445,453,460,473,475,482,482,482,484,489,489,492,498,498,505,509,511,512,515,521,521,522,528,530,532,535,540,541,542,542,542,546,550,550,551,553,555,564,570,571,572,578
Chaffee County,0,0,0,0,0,0,0,0,0,0,0,0,0,0,0,0,0,0,0,0,0,0,0,0,0,0,0,0,0,0,0,0,0,0,0,0,0,0,0,0,0,0,0,0,0,0,0,0,0,0,0,0,0,0,0,0,0,0,0,2,3,3,3,3,5,5,11,15,15,17,17,18,19,21,22,22,22,23,26,27,28,28,28,28,31,35,35,37,38,38,38,55,55,65,65,66,66,66,66,66,67,67,67,67,68,68,68,68,68,68,68,68,69,69,69,69,69,69,69,69,69,69,70,70,71,71,71,72,72,72,72,76,76,76,76,77,77,77,77,77,77,77,77,77,77,77,77,77,77,77,77,77,77,77,77,77,77,77,77,77,77,77,77,77,77,77,78,78,81,81,82,93,116,121,123,123,124,128,210,210,215,215,220,220,224,243,277,278,281,281,281,286,286,287,287,292,292,295,296,302,303,303,303,303,303,303,304,304,304,305,305,306,308,309,310,311,314,314,315,315,315,316,316,316,316,316,317,317,317,317,317,317,318,318,318,318,319,319,319
Cheyenne County,0,0,0,0,0,0,0,0,0,0,0,0,0,0,0,0,0,0,0,0,0,0,0,0,0,0,0,0,0,0,0,0,0,0,0,0,0,0,0,0,0,0,0,0,0,0,0,0,0,0,0,0,0,0,0,0,0,0,0,0,0,0,0,0,0,0,0,0,0,0,0,0,0,0,0,0,0,0,0,0,0,0,0,0,0,0,0,0,0,0,0,0,0,0,0,0,0,0,0,0,0,0,0,0,0,0,2,2,4,4,4,4,4,5,5,5,5,5,5,5,5,5,5,5,5,5,5,5,5,5,5,5,5,5,5,5,5,5,5,5,5,5,5,5,5,5,5,5,5,5,5,5,5,5,5,5,5,5,5,5,5,5,5,5,5,5,5,5,5,5,5,5,5,5,5,5,5,7,7,7,7,7,7,7,7,7,8,8,8,8,8,8,8,8,8,8,8,8,8,8,9,9,9,9,9,9,9,9,9,9,9,9,9,9,9,9,9,9,9,9,9,9,9,9,9,9,9,9,9,9,9,9,9,9,9,10,10,10,11
Clear Creek County,0,0,0,0,0,0,0,0,0,0,0,0,0,0,0,0,0,0,0,0,0,0,0,0,0,0,0,0,0,0,0,0,0,0,0,0,0,0,0,0,0,0,0,0,0,0,0,0,0,0,0,0,0,1,1,2,2,2,2,3,3,3,3,3,3,3,3,3,3,4,6,6,6,6,6,6,7,7,10,11,11,11,11,11,11,11,11,11,11,11,11,11,12,13,13,13,13,13,13,13,13,13,13,13,13,13,13,14,14,14,14,15,15,15,15,16,16,16,16,16,16,16,16,16,16,16,16,16,16,16,16,17,17,17,17,17,17,17,17,17,17,17,17,17,17,17,17,18,18,18,18,18,18,18,18,18,18,18,18,18,19,19,19,19,21,21,21,21,21,21,21,21,21,21,21,21,23,23,23,23,24,24,24,24,24,25,26,26,26,26,26,26,27,27,27,28,28,29,30,30,30,30,30,30,31,31,31,31,31,31,31,31,31,34,34,34,34,34,34,34,35,35,35,35,35,36,36,36,36,36,36,36,36,36,36,36,36,36,36
Conejos County,0,0,0,0,0,0,0,0,0,0,0,0,0,0,0,0,0,0,0,0,0,0,0,0,0,0,0,0,0,0,0,0,0,0,0,0,0,0,0,0,0,0,0,0,0,0,0,0,0,0,0,0,0,0,0,0,0,0,0,0,0,0,0,0,0,0,0,0,0,0,0,0,0,0,0,0,0,0,0,0,0,0,0,0,0,0,0,0,0,0,0,0,0,0,0,0,0,0,0,0,0,0,0,0,0,0,1,1,1,1,1,1,1,1,1,1,1,1,1,1,1,1,1,1,1,1,1,1,1,1,2,2,2,2,3,4,4,5,5,5,5,5,5,5,5,5,7,7,7,10,12,12,12,12,12,12,12,13,13,13,13,13,15,15,15,15,15,15,15,15,17,18,18,18,18,18,19,20,20,21,21,21,21,21,21,21,21,21,21,21,23,23,23,23,23,23,23,23,23,23,23,23,23,23,26,27,27,27,27,27,29,29,30,30,30,31,31,31,31,31,31,31,31,31,31,31,31,31,31,31,31,31,31,31,31,31,31,31,31
Costilla County,0,0,0,0,0,0,0,0,0,0,0,0,0,0,0,0,0,0,0,0,0,0,0,0,0,0,0,0,0,0,0,0,0,0,0,0,0,0,0,0,0,0,0,0,0,0,0,0,0,0,0,0,0,0,0,0,0,0,0,0,0,0,0,0,0,1,1,1,3,3,3,3,3,3,3,3,3,3,3,3,3,3,3,3,3,3,3,3,3,3,3,3,3,3,3,3,3,3,3,3,3,3,3,3,3,3,3,3,3,3,3,3,3,3,3,3,3,3,3,3,3,3,3,3,3,3,5,5,6,6,6,6,6,6,6,6,7,8,8,8,10,12,12,14,14,15,15,15,17,17,17,17,17,18,18,20,20,20,20,20,21,21,22,22,22,22,22,22,22,22,22,22,22,22,22,22,22,22,22,22,22,22,22,22,22,22,22,22,22,22,22,22,22,22,22,22,22,22,22,22,23,23,23,23,23,24,24,24,24,25,25,26,26,26,26,27,29,32,32,32,32,32,32,32,32,32,32,32,32,32,32,32,32,32,32,32,32,32,32
Crowley County,0,0,0,0,0,0,0,0,0,0,0,0,0,0,0,0,0,0,0,0,0,0,0,0,0,0,0,0,0,0,0,0,0,0,0,0,0,0,0,0,0,0,0,0,0,0,0,0,0,0,0,0,0,0,0,0,0,0,1,1,1,1,1,1,1,1,1,1,1,1,1,1,1,1,1,1,1,1,1,1,2,2,2,2,2,2,2,2,2,2,2,2,2,2,2,2,2,2,2,2,3,3,4,4,4,4,4,25,39,39,39,39,39,39,39,39,39,39,39,42,43,44,57,62,63,63,63,63,63,64,64,64,64,64,64,66,66,66,66,66,66,66,66,66,67,68,68,68,68,68,68,68,69,69,69,69,70,70,70,70,70,70,70,70,71,71,71,71,71,71,71,71,71,71,71,71,71,71,72,72,72,72,72,72,72,72,72,72,72,72,72,72,72,72,72,72,72,72,72,72,72,72,72,73,73,73,73,73,73,73,73,73,73,73,73,73,73,73,73,73,73,73,73,73,73,73,73,73,73,73,73,73,73,73,73,73,73,73,73
Custer County,0,0,0,0,0,0,0,0,0,0,0,0,0,0,0,0,0,0,0,0,0,0,0,0,0,0,0,0,0,0,0,0,0,0,0,0,0,0,0,0,0,0,0,0,0,0,0,0,0,0,0,0,0,0,0,0,0,0,0,0,0,0,0,0,0,0,0,0,0,0,0,1,2,2,2,2,2,2,2,2,2,2,2,2,2,2,2,2,2,2,2,2,2,2,2,2,2,2,2,2,2,2,2,2,2,2,2,2,2,2,2,2,2,2,2,2,2,2,2,2,2,2,2,2,2,2,2,2,2,2,2,2,2,2,2,2,2,2,2,2,2,2,2,2,2,2,2,2,2,2,2,2,2,2,2,2,2,2,2,2,2,2,2,2,2,2,2,2,3,3,3,3,3,7,7,7,7,8,8,8,9,10,10,10,10,10,10,10,10,10,10,10,10,10,10,11,11,11,11,11,11,11,11,11,11,12,13,13,13,13,13,13,13,13,13,13,13,15,15,17,17,17,17,17,17,17,17,17,17,17,17,17,17,17,17,17,17,17,17
Delta County,0,0,0,0,0,0,0,0,0,0,0,0,0,0,0,0,0,0,0,0,0,0,0,0,0,0,0,0,0,0,0,0,0,0,0,0,0,0,0,0,0,0,0,0,0,0,0,0,0,0,0,0,0,0,0,0,0,0,0,0,0,0,1,1,1,1,1,1,1,1,1,1,4,4,4,5,5,5,6,6,6,6,7,12,12,13,16,19,22,25,25,25,25,26,26,27,33,34,43,44,46,48,50,51,52,52,53,54,54,54,54,54,54,54,54,55,55,55,55,55,57,61,65,67,67,67,67,67,68,69,69,69,71,72,72,72,74,76,76,76,76,76,76,76,77,78,78,79,80,80,80,80,80,80,81,81,82,82,82,82,83,83,83,83,84,84,83,83,83,83,83,83,84,84,84,86,86,86,86,88,88,90,92,93,94,97,97,98,100,100,101,104,105,109,110,115,115,117,118,121,121,125,128,129,130,132,132,133,133,138,138,140,140,140,140,140,147,148,152,153,159,162,165,165,166,166,168,168,169,171,172,172,172,174,174,174,175,176,177
Denver County,0,0,0,0,0,0,0,0,0,0,0,0,0,0,0,0,0,0,0,0,0,0,0,0,0,0,0,0,0,0,0,0,0,0,0,0,0,0,0,0,0,0,0,0,2,2,2,3,5,6,10,15,21,25,25,38,38,49,67,97,125,148,176,214,262,312,367,408,465,539,586,643,716,769,825,847,884,927,927,927,927,927,927,927,927,1549,1636,1723,1784,1880,2004,2071,2172,2385,2487,2583,2682,2791,2890,3001,3092,3222,3345,3428,3546,3674,3799,3892,4001,4070,4118,4187,4254,4359,4452,4548,4656,4720,4790,4858,4948,5056,5151,5173,5216,5269,5316,5434,5569,5690,5775,5802,5854,5917,5977,6041,6079,6106,6138,6176,6204,6232,6257,6301,6330,6376,6401,6445,6493,6565,6603,6630,6663,6700,6775,6835,6901,6947,7007,7065,7091,7149,7228,7279,7319,7344,7392,7477,7563,7651,7759,7832,7902,7952,8011,8098,8164,8254,8320,8371,8429,8532,8650,8809,8939,9101,9205,9256,9387,9482,9529,9623,9693,9778,9813,9876,9968,10052,10122,10173,10224,10263,10319,10370,10426,10471,10508,10572,10607,10651,10691,10732,10789,10842,10901,10931,11021,11021,11077,11147,11196,11225,11265,11307,11339,11366,11417,11417,11479,11557,11579,11592,11627,11685,11760,11816,11883,11976,12055
Dolores County,0,0,0,0,0,0,0,0,0,0,0,0,0,0,0,0,0,0,0,0,0,0,0,0,0,0,0,0,0,0,0,0,0,0,0,0,0,0,0,0,0,0,0,0,0,0,0,0,0,0,0,0,0,0,0,0,0,0,0,0,0,0,0,0,0,0,0,0,0,0,0,0,0,0,0,0,0,0,0,0,0,0,0,0,0,0,0,0,0,0,0,0,0,0,0,0,0,0,0,0,0,0,0,0,0,0,0,0,0,0,0,0,0,0,0,0,0,0,0,0,0,0,0,0,0,0,0,0,0,0,0,0,0,0,0,0,0,0,0,0,0,0,0,0,0,0,0,0,0,0,0,0,0,0,0,0,0,0,0,0,0,0,0,0,0,0,0,0,0,0,0,0,0,0,0,0,0,1,1,1,1,1,1,1,1,1,1,1,1,1,1,1,1,1,1,1,1,1,1,1,1,1,1,1,1,1,1,1,2,2,2,2,2,2,2,2,2,2,2,2,2,2,2,2,2,2,2,2,2,2,2,2,2,2,3,3,3,3,3
Douglas County,0,0,0,0,0,0,0,0,0,0,0,0,0,0,0,0,0,0,0,0,0,0,0,0,0,0,0,0,0,0,0,0,0,0,0,0,0,0,0,0,0,0,0,0,0,3,3,3,3,3,3,4,4,8,8,10,10,14,17,27,33,48,53,58,67,79,92,102,119,141,158,171,194,209,223,227,232,244,270,282,292,298,304,311,312,329,353,360,368,381,384,392,399,414,425,439,449,453,468,478,502,518,526,531,543,556,573,584,591,601,604,607,612,621,632,637,640,649,654,659,663,669,675,675,678,683,695,699,705,715,720,724,726,733,746,751,753,756,757,764,771,779,790,794,801,807,815,820,825,831,839,852,864,869,873,895,911,922,939,946,951,964,984,993,1006,1013,1019,1042,1056,1078,1120,1134,1161,1178,1201,1224,1263,1293,1310,1331,1357,1377,1410,1433,1462,1494,1519,1529,1558,1577,1594,1616,1624,1647,1653,1670,1689,1702,1718,1726,1734,1744,1759,1765,1788,1803,1817,1833,1840,1849,1862,1876,1889,1894,1901,1911,1927,1941,1958,1979,1984,1994,2004,2023,2033,2053,2076,2076,2093,2124,2146,2151,2173,2184,2190,2208,2222,2240,2252
Eagle County,0,0,0,0,0,0,0,0,0,0,0,0,0,0,0,0,0,0,0,0,0,0,0,0,0,0,0,0,0,0,0,0,0,0,0,0,0,0,0,0,0,0,0,0,0,0,0,2,3,4,11,16,20,24,24,34,34,51,61,74,80,92,96,120,147,170,182,187,213,227,295,314,333,333,339,355,372,374,394,426,433,452,457,468,479,479,482,483,485,486,487,488,489,506,512,533,535,540,544,544,544,546,547,547,547,552,554,555,558,558,559,561,562,564,566,570,570,570,571,572,577,577,577,577,577,580,580,584,586,587,587,587,590,599,599,603,607,608,610,612,615,617,621,623,625,626,628,632,633,639,641,649,656,660,665,670,680,685,686,688,692,693,697,700,701,705,709,715,732,738,758,761,763,766,783,795,812,824,831,847,850,855,884,903,926,944,964,972,983,1002,1006,1026,1041,1049,1069,1092,1096,1106,1116,1120,1123,1124,1126,1133,1139,1145,1148,1152,1154,1155,1157,1158,1160,1164,1164,1166,1167,1168,1169,1174,1178,1179,1182,1184,1185,1187,1189,1189,1190,1192,1192,1196,1197,1203,1207,1208,1210,1215,1221
Elbert County,0,0,0,0,0,0,0,0,0,0,0,0,0,0,0,0,0,0,0,0,0,0,0,0,0,0,0,0,0,0,0,0,0,0,0,0,0,0,0,0,0,0,0,0,0,0,0,0,0,0,0,0,0,0,0,0,0,0,0,3,3,3,3,3,3,3,3,3,4,5,5,5,6,9,9,9,9,10,10,13,14,16,16,16,16,17,20,23,23,24,24,24,26,27,27,27,27,27,28,29,30,31,31,32,36,37,37,39,39,39,39,40,41,41,42,44,45,47,47,48,48,48,48,48,49,49,51,51,52,52,53,53,53,53,53,53,54,54,54,54,54,54,54,54,54,54,54,54,54,54,54,54,54,54,54,55,56,56,56,56,57,57,57,57,57,57,58,60,60,60,61,62,62,63,65,67,67,67,68,69,70,73,75,76,76,77,77,79,81,82,83,85,85,86,87,92,97,102,103,104,105,105,107,108,108,109,110,110,111,114,115,117,117,117,117,117,117,119,120,120,121,121,121,121,122,125,128,128,129,130,130,131,134,136,136,138,140,141,144
El Paso County,0,0,0,0,0,0,0,0,0,0,0,0,0,0,0,0,0,0,0,0,0,0,0,0,0,0,0,0,0,0,0,0,0,0,0,0,0,0,0,0,0,0,0,0,0,1,1,1,1,1,1,2,3,4,4,6,6,15,27,37,51,69,106,122,137,160,184,214,245,286,314,340,374,406,435,441,457,472,534,550,578,613,641,652,668,689,708,721,731,734,744,774,798,853,862,867,879,884,907,934,964,988,994,1005,1028,1055,1079,1097,1109,1124,1137,1157,1175,1204,1251,1291,1314,1348,1357,1386,1428,1460,1493,1505,1535,1581,1600,1636,1674,1717,1732,1748,1761,1778,1788,1802,1817,1834,1862,1880,1888,1907,1920,1925,1932,1941,1960,2001,2024,2063,2079,2101,2113,2139,2173,2220,2266,2296,2327,2360,2374,2431,2474,2525,2574,2608,2645,2685,2751,2804,2935,3000,3059,3102,3168,3216,3306,3407,3477,3517,3604,3686,3786,3864,3928,4033,4128,4150,4265,4327,4381,4473,4541,4584,4625,4663,4754,4832,4911,4958,5006,5134,5183,5229,5334,5389,5438,5478,5509,5534,5567,5622,5666,5695,5723,5747,5806,5845,5898,5948,5988,6007,6018,6048,6070,6098,6156,6156,6195,6241,6241,6264,6284,6307,6346,6378,6406,6443,6508
Fremont County,0,0,0,0,0,0,0,0,0,0,0,0,0,0,0,0,0,0,0,0,0,0,0,0,0,0,0,0,0,0,0,0,0,0,0,0,0,0,0,0,0,0,0,0,0,0,0,0,0,0,0,0,0,0,0,0,0,0,0,0,0,0,1,1,1,1,1,1,2,2,2,2,2,3,3,3,4,4,5,5,6,7,8,8,9,9,9,9,10,11,11,19,19,19,20,22,22,22,22,22,22,22,22,22,22,22,23,23,23,23,23,23,23,25,25,25,25,25,25,25,26,26,26,26,26,26,26,26,26,26,26,26,26,26,26,26,26,26,26,26,26,26,26,29,29,29,29,30,30,30,30,31,31,31,31,32,33,34,36,36,36,37,38,38,40,40,41,41,41,41,42,43,43,45,46,47,68,71,72,74,77,78,82,83,85,87,91,91,94,95,101,102,110,111,112,113,116,116,117,123,125,126,128,131,132,135,136,137,138,138,143,143,145,145,146,146,152,153,155,156,157,157,157,157,160,161,162,162,162,163,164,165,165,166,166,166,167,167,167
Garfield County,0,0,0,0,0,0,0,0,0,0,0,0,0,0,0,0,0,0,0,0,0,0,0,0,0,0,0,0,0,0,0,0,0,0,0,0,0,0,0,0,0,0,0,0,0,0,0,0,0,0,0,0,0,1,1,2,2,3,4,7,8,8,10,13,16,16,23,25,31,33,34,43,45,45,46,47,48,49,50,52,54,55,58,59,62,64,65,70,70,71,71,71,74,81,83,87,88,89,91,93,93,95,95,95,99,99,100,102,103,103,103,111,112,112,113,113,114,114,114,114,114,120,120,121,123,134,135,135,137,138,139,143,148,150,157,158,161,162,164,166,171,176,177,181,184,193,195,199,205,214,217,222,224,236,243,252,260,266,273,277,298,300,303,313,318,319,317,326,339,349,379,403,415,423,441,448,469,493,505,519,528,537,561,575,591,612,624,626,639,664,682,691,705,713,721,734,742,753,757,764,767,768,773,776,780,784,792,797,802,804,805,807,813,814,816,818,821,825,830,838,838,839,844,845,846,847,857,857,859,869,874,875,879,884,891,891,892,900,906
Gilpin County,0,0,0,0,0,0,0,0,0,0,0,0,0,0,0,0,0,0,0,0,0,0,0,0,0,0,0,0,0,0,0,0,0,0,0,0,0,0,0,0,0,0,0,0,0,0,0,0,0,0,0,0,0,0,0,0,0,0,0,0,0,0,0,0,0,0,0,0,0,0,0,0,0,0,0,0,0,0,1,1,1,1,1,1,1,1,1,1,1,1,1,1,1,1,1,1,1,1,1,1,1,1,1,1,1,1,1,1,1,1,1,1,1,2,3,3,3,3,3,3,3,3,3,3,3,3,3,3,3,3,3,3,3,4,4,4,5,5,5,5,5,5,6,6,6,6,6,6,6,6,6,6,6,6,6,7,7,7,7,7,7,7,7,7,7,8,8,8,8,8,8,8,8,8,8,11,12,12,12,12,12,13,13,13,13,13,13,13,13,13,13,13,16,16,16,16,16,16,16,16,16,16,16,17,17,17,17,17,17,17,17,17,17,17,17,17,17,17,17,17,17,17,17,18,18,18,18,18,18,18,18,18,18,18,18,18,18,18,18
Grand County,0,0,0,0,0,0,0,0,0,0,0,0,0,0,0,0,0,0,0,0,0,0,0,0,0,0,0,0,0,0,0,0,0,0,0,0,0,0,0,0,0,0,0,0,0,0,0,0,0,0,0,0,0,0,0,0,0,1,2,2,2,2,2,2,2,2,2,2,4,4,4,4,4,4,4,4,4,4,4,4,4,4,4,4,4,4,4,4,4,4,5,5,5,5,5,5,5,5,5,5,5,5,5,5,5,5,5,5,5,5,5,5,5,5,5,5,5,5,5,5,5,5,6,6,7,7,8,10,12,14,14,14,15,15,15,15,15,15,15,15,15,15,15,15,16,17,17,17,17,18,18,18,18,18,18,18,18,18,19,21,21,21,21,21,21,21,21,23,23,23,26,27,28,29,29,29,32,34,35,35,37,37,39,39,39,39,39,39,40,41,41,42,43,43,44,44,44,45,46,46,46,46,51,53,54,54,54,54,54,55,56,56,56,56,56,56,57,60,62,62,62,62,63,66,66,66,66,66,66,67,67,69,69,69,69,69,69,69,71
Gunnison County,0,0,0,0,0,0,0,0,0,0,0,0,0,0,0,0,0,0,0,0,0,0,0,0,0,0,0,0,0,0,0,0,0,0,0,0,0,0,0,0,0,0,0,0,0,0,0,1,1,2,3,4,6,8,8,11,11,13,13,18,22,28,40,52,57,66,78,79,80,82,84,86,88,90,93,95,95,98,99,99,99,99,99,99,104,111,112,114,114,117,121,121,121,123,151,158,158,161,161,164,164,165,165,168,168,172,173,173,173,173,173,174,176,176,176,176,176,176,176,176,177,177,177,177,177,177,177,177,177,177,177,177,178,178,178,178,178,179,180,181,181,181,181,181,181,181,181,181,181,182,182,182,182,184,186,186,186,186,186,186,187,188,188,188,189,189,189,189,190,190,192,192,192,193,193,193,193,197,199,200,202,210,216,216,216,216,219,220,230,244,246,246,246,254,257,262,266,267,268,269,272,273,274,275,278,279,279,279,279,280,280,281,285,286,286,286,286,289,289,289,290,290,291,291,292,292,294,294,295,296,296,296,296,296,296,296,296,296,296
Hinsdale County,0,0,0,0,0,0,0,0,0,0,0,0,0,0,0,0,0,0,0,0,0,0,0,0,0,0,0,0,0,0,0,0,0,0,0,0,0,0,0,0,0,0,0,0,0,0,0,0,0,0,0,0,0,0,0,0,0,0,0,1,1,1,1,1,1,1,1,1,1,1,1,1,1,1,1,1,1,1,1,1,1,2,2,3,3,3,3,3,3,3,3,3,3,3,3,3,3,3,3,3,3,3,3,3,3,3,3,3,3,3,3,3,3,3,3,3,3,3,3,3,3,3,3,3,3,3,3,3,3,3,3,3,3,3,3,3,3,3,3,3,3,3,3,3,3,3,3,3,3,3,3,3,3,3,3,3,3,3,3,3,3,3,3,3,3,3,3,3,3,3,3,3,3,3,3,3,3,3,3,3,3,3,3,3,3,3,3,3,3,3,3,3,3,3,3,3,3,3,3,3,3,3,3,3,3,3,3,3,3,3,3,3,3,3,3,3,3,3,3,3,3,3,3,3,3,3,3,3,3,3,3,3,3,3,3,3,3,3,3
Huerfano County,0,0,0,0,0,0,0,0,0,0,0,0,0,0,0,0,0,0,0,0,0,0,0,0,0,0,0,0,0,0,0,0,0,0,0,0,0,0,0,0,0,0,0,0,0,0,0,0,0,0,0,0,0,0,0,0,0,0,0,0,0,0,1,1,1,1,1,1,1,1,1,1,1,1,1,1,1,1,1,1,1,1,1,1,1,1,1,1,1,1,1,1,1,1,2,2,2,2,2,2,2,2,2,2,2,2,2,3,3,3,3,3,3,3,3,3,3,3,3,3,3,3,3,3,3,3,3,3,3,3,3,3,3,3,3,3,3,3,3,3,3,3,3,3,3,3,3,3,3,3,4,4,4,4,4,4,4,4,4,4,4,4,4,4,4,4,4,4,4,4,4,4,4,5,5,5,5,5,5,5,5,5,5,6,6,6,6,6,6,6,6,6,6,6,6,6,7,8,8,8,8,8,8,8,8,8,8,8,8,8,8,8,8,8,8,8,8,8,8,9,9,9,9,9,9,9,9,9,9,10,10,10,10,10,10,10,10,10,12
Jackson County,0,0,0,0,0,0,0,0,0,0,0,0,0,0,0,0,0,0,0,0,0,0,0,0,0,0,0,0,0,0,0,0,0,0,0,0,0,0,0,0,0,0,0,0,0,0,0,0,0,0,0,0,0,0,0,0,0,0,0,0,0,0,0,0,0,0,0,0,0,0,0,0,0,0,0,0,0,0,0,0,0,0,0,0,0,0,0,0,0,0,0,0,0,0,0,0,0,0,0,0,0,0,0,0,0,0,0,0,0,0,0,0,0,0,0,0,0,0,0,0,0,0,0,0,0,0,0,0,0,0,0,0,0,0,0,0,0,0,0,0,0,0,0,0,0,0,0,0,0,0,0,0,0,0,0,1,1,1,1,1,2,2,2,2,2,2,2,2,2,2,7,7,7,8,8,8,8,8,8,8,8,8,8,8,8,8,8,8,8,8,8,8,8,8,8,8,8,9,9,9,9,9,9,9,9,9,9,9,9,9,9,9,9,9,9,9,9,9,9,9,9,9,9,9,9,9,9,9,9,9,9,9,9,9,9,9,9,9,9
Jefferson County,0,0,0,0,0,0,0,0,0,0,0,0,0,0,0,0,0,0,0,0,0,0,0,0,0,0,0,0,0,0,0,0,0,0,0,0,0,0,0,0,0,0,0,0,0,0,0,0,1,3,4,7,9,12,12,17,17,36,37,43,51,55,73,93,131,158,182,213,253,304,356,385,440,483,519,540,579,610,660,683,713,763,787,809,837,860,888,930,957,987,1011,1064,1075,1157,1236,1265,1276,1298,1314,1338,1373,1384,1405,1431,1466,1507,1542,1574,1627,1649,1658,1678,1716,1748,1775,1800,1831,1849,1882,1932,1974,1999,2030,2040,2061,2090,2098,2123,2171,2196,2221,2244,2266,2294,2310,2343,2370,2373,2384,2398,2424,2436,2445,2458,2458,2466,2477,2488,2508,2522,2526,2532,2543,2555,2569,2594,2616,2633,2656,2671,2682,2711,2746,2763,2776,2788,2801,2842,2887,2922,2970,3007,3026,3055,3089,3118,3174,3221,3252,3282,3306,3348,3395,3462,3527,3622,3654,3676,3739,3782,3821,3874,3915,3950,3971,3994,4051,4086,4124,4160,4177,4210,4258,4289,4334,4362,4377,4414,4429,4453,4475,4501,4540,4562,4587,4605,4645,4670,4694,4732,4766,4777,4792,4834,4862,4878,4911,4911,4941,4971,4984,4992,5019,5052,5086,5117,5146,5160,5194
Kiowa County,0,0,0,0,0,0,0,0,0,0,0,0,0,0,0,0,0,0,0,0,0,0,0,0,0,0,0,0,0,0,0,0,0,0,0,0,0,0,0,0,0,0,0,0,0,0,0,0,0,0,0,0,0,0,0,0,0,0,0,0,0,0,0,0,0,0,0,0,0,0,0,0,0,0,0,0,0,0,0,0,0,0,0,0,0,0,0,0,0,0,0,0,0,0,0,0,0,0,0,0,0,0,0,0,0,0,0,0,0,0,0,0,0,0,0,0,0,0,0,0,0,0,0,0,0,0,0,0,0,0,0,0,0,0,0,0,0,0,0,0,0,0,0,0,0,0,0,0,0,0,0,0,0,0,0,0,0,0,0,0,0,0,0,0,0,0,0,0,0,0,0,0,0,0,0,0,0,0,0,0,0,0,0,0,0,0,0,0,0,0,0,0,0,0,0,0,0,0,0,0,0,0,0,0,0,0,0,0,0,0,0,0,0,0,0,0,0,0,0,0,0,0,0,0,0,0,0,0,0,0,0,0,0,0,0,0,0,0,0
Kit Carson County,0,0,0,0,0,0,0,0,0,0,0,0,0,0,0,0,0,0,0,0,0,0,0,0,0,0,0,0,0,0,0,0,0,0,0,0,0,0,0,0,0,0,0,0,0,0,0,0,0,0,0,0,0,0,0,0,0,0,0,0,0,0,0,0,1,1,1,1,1,2,4,4,4,5,5,5,5,5,6,6,7,8,8,8,8,13,13,14,18,18,18,18,18,19,19,20,20,20,20,21,21,21,21,21,22,24,24,24,25,25,25,25,25,25,26,26,26,26,26,26,26,26,26,26,26,26,26,26,26,26,26,26,26,26,30,30,30,30,30,30,30,30,30,30,31,31,31,31,31,31,31,31,31,31,31,31,31,31,31,31,32,33,33,33,33,33,33,33,35,35,36,36,36,36,36,36,36,36,36,36,36,36,36,41,42,42,42,42,42,42,42,42,43,43,43,43,43,43,44,51,51,56,56,66,68,68,68,68,68,68,68,68,68,68,68,69,74,74,74,74,74,74,74,75,76,76,76,76,76,76,76,76,76,76,78,78,78,78,78
Lake County,0,0,0,0,0,0,0,0,0,0,0,0,0,0,0,0,0,0,0,0,0,0,0,0,0,0,0,0,0,0,0,0,0,0,0,0,0,0,0,0,0,0,0,0,0,0,0,0,0,0,0,0,0,0,0,0,0,0,0,0,0,0,0,0,0,0,0,0,0,1,2,2,3,3,3,3,3,3,4,4,4,4,4,5,5,8,8,8,8,8,8,9,10,12,16,17,17,17,17,18,19,20,20,21,21,21,23,23,23,23,23,23,23,23,24,26,26,26,26,27,27,27,27,27,27,27,27,27,29,29,31,31,31,32,34,35,36,37,38,38,38,38,38,38,39,39,39,40,42,46,46,48,48,48,48,50,50,50,50,51,51,51,51,51,51,51,51,51,52,52,53,54,54,54,54,56,57,59,60,60,61,60,60,61,61,61,61,61,67,68,69,70,70,71,73,73,74,74,77,77,77,79,79,79,79,79,79,79,79,79,79,79,79,80,80,80,80,80,80,80,80,80,80,80,81,81,81,81,81,82,83,83,84,85,86,87,87,87,87
La Plata County,0,0,0,0,0,0,0,0,0,0,0,0,0,0,0,0,0,0,0,0,0,0,0,0,0,0,0,0,0,0,0,0,0,0,0,0,0,0,0,0,0,0,0,0,0,0,0,0,0,0,0,0,0,0,0,0,0,0,0,0,0,0,1,1,5,13,17,21,21,23,23,24,25,25,29,32,34,34,37,43,43,44,44,44,46,47,51,51,51,51,51,53,55,56,59,59,59,59,62,62,63,63,63,63,63,63,63,64,65,65,65,66,66,66,66,68,68,68,72,72,73,73,76,77,77,77,77,77,80,80,81,82,82,82,82,82,82,82,82,84,84,84,84,84,84,85,85,85,85,85,86,86,86,88,89,90,94,94,101,106,112,116,116,117,121,123,122,127,130,130,133,134,136,136,146,146,151,154,157,159,165,170,174,180,180,185,187,188,192,196,197,197,198,198,198,201,201,204,204,207,212,219,222,225,226,227,227,228,229,229,229,229,230,230,231,232,233,233,233,238,239,240,240,241,242,242,242,242,244,246,246,246,246,247,247,247,247,248,248
Larimer County,0,0,0,0,0,0,0,0,0,0,0,0,0,0,0,0,0,0,0,0,0,0,0,0,0,0,0,0,0,0,0,0,0,0,0,0,0,0,0,0,0,0,0,0,0,0,0,1,1,1,1,1,1,1,1,2,2,5,7,19,32,34,43,45,61,67,79,84,92,99,107,124,134,144,153,158,161,167,174,177,180,187,193,198,202,217,224,231,239,245,250,266,274,291,303,312,321,334,348,363,377,384,393,393,409,415,423,437,444,448,452,455,456,463,472,485,489,495,508,512,517,520,530,537,540,544,552,567,570,576,583,589,589,606,610,613,616,619,628,632,635,635,637,641,647,652,658,658,661,668,673,680,680,683,686,692,701,713,718,723,736,747,757,776,791,803,808,818,843,869,884,899,917,946,959,982,1009,1041,1055,1079,1112,1131,1158,1183,1207,1238,1255,1261,1299,1314,1335,1359,1376,1399,1417,1420,1456,1475,1493,1531,1554,1575,1590,1605,1630,1651,1667,1687,1700,1711,1725,1746,1765,1790,1804,1817,1840,1849,1880,1905,1929,1938,1953,1976,1985,2018,2043,2043,2064,2085,2103,2110,2120,2137,2168,2184,2204,2220,2236
Las Animas County,0,0,0,0,0,0,0,0,0,0,0,0,0,0,0,0,0,0,0,0,0,0,0,0,0,0,0,0,0,0,0,0,0,0,0,0,0,0,0,0,0,0,0,0,0,0,0,0,0,0,0,0,0,0,0,0,0,0,0,0,0,0,0,0,0,0,0,0,0,0,0,0,1,1,1,1,1,1,2,2,2,2,2,2,2,3,3,3,3,3,3,3,3,3,3,3,3,3,3,3,3,3,3,3,4,4,4,4,4,4,4,4,4,4,4,4,4,4,4,4,4,5,5,5,5,5,5,5,5,5,5,5,5,5,5,5,5,5,5,6,6,6,6,6,6,7,7,7,7,7,7,7,7,7,7,7,7,7,7,7,9,9,9,9,9,9,9,9,9,9,9,9,10,10,10,11,11,11,11,11,11,11,11,13,13,13,13,13,14,14,15,15,15,15,15,15,15,15,15,17,17,17,18,18,18,18,18,18,18,19,19,19,19,19,19,19,19,19,20,20,20,20,20,20,20,20,20,20,20,20,20,20,20,21,21,21,21,21,21
Lincoln County,0,0,0,0,0,0,0,0,0,0,0,0,0,0,0,0,0,0,0,0,0,0,0,0,0,0,0,0,0,0,0,0,0,0,0,0,0,0,0,0,0,0,0,0,0,0,0,0,0,0,0,0,0,0,0,0,0,0,0,0,0,0,0,0,0,1,1,1,1,1,1,1,1,1,1,1,1,1,1,1,1,1,2,2,2,2,3,3,3,3,3,3,3,3,3,3,3,3,3,3,3,3,3,3,3,3,3,3,3,3,3,3,3,3,3,3,3,3,3,3,3,3,3,3,3,3,3,3,3,3,3,3,3,3,3,3,3,3,3,3,3,3,3,3,3,3,3,3,3,3,3,4,4,4,4,4,4,4,4,4,4,4,4,4,4,4,4,4,4,4,4,4,4,4,4,4,4,6,6,6,6,6,6,6,6,6,6,6,6,6,6,6,6,6,6,6,7,8,8,8,8,8,8,8,8,8,8,8,8,8,8,8,8,8,8,8,8,8,8,8,8,8,8,8,8,8,8,8,8,8,8,8,8,8,8,8,8,8,8
Logan County,0,0,0,0,0,0,0,0,0,0,0,0,0,0,0,0,0,0,0,0,0,0,0,0,0,0,0,0,0,0,0,0,0,0,0,0,0,0,0,0,0,0,0,0,0,0,0,0,0,0,0,0,0,0,0,0,0,0,0,0,0,2,2,2,2,3,5,5,5,6,6,7,7,8,9,11,13,13,13,13,13,13,13,13,13,17,17,17,17,22,23,24,24,31,213,248,259,266,270,282,282,288,290,290,292,295,318,350,389,401,432,473,480,483,483,485,487,488,488,489,490,491,493,582,582,582,582,585,601,602,614,619,620,621,624,627,630,631,631,631,631,632,632,632,633,633,633,634,634,635,635,635,635,635,635,635,636,636,637,637,637,638,638,638,640,640,640,640,640,640,641,641,641,641,641,641,641,642,642,642,643,643,643,643,643,645,645,645,647,647,647,647,647,648,648,649,649,649,650,651,651,651,655,655,655,655,655,658,658,658,658,659,660,663,664,665,672,672,675,681,681,684,688,691,691,691,694,694,697,705,711,727,729,731,743,776,789,792,800
Mesa County,0,0,0,0,0,0,0,0,0,0,0,0,0,0,0,0,0,0,0,0,0,0,0,0,0,0,0,0,0,0,0,0,0,0,0,0,0,0,0,0,0,0,0,0,0,0,0,0,0,0,0,0,1,1,1,1,1,1,1,1,2,2,5,5,6,7,7,11,12,14,14,17,20,20,22,25,27,32,32,34,34,34,34,34,34,34,34,34,35,35,35,37,37,37,38,38,40,42,44,46,46,46,46,46,46,48,48,50,50,50,50,50,50,50,50,50,50,50,50,50,50,50,51,51,51,51,51,53,54,54,54,55,55,56,59,60,62,62,62,64,65,65,66,66,69,72,73,73,77,78,79,79,80,85,85,87,88,89,89,95,96,96,102,109,113,118,119,121,125,129,137,140,142,146,153,162,163,174,180,185,189,191,199,213,219,227,231,233,241,244,250,255,260,267,271,274,280,289,293,301,306,316,329,343,351,361,365,367,368,369,371,372,375,377,383,388,393,393,397,403,403,407,408,416,419,426,434,434,448,467,467,475,477,485,488,489,492,500,503
Mineral County,0,0,0,0,0,0,0,0,0,0,0,0,0,0,0,0,0,0,0,0,0,0,0,0,0,0,0,0,0,0,0,0,0,0,0,0,0,0,0,0,0,0,0,0,0,0,0,0,0,0,0,0,0,0,0,0,0,0,0,0,0,0,0,0,0,0,0,1,1,2,2,2,2,2,2,2,2,2,2,2,2,2,2,2,2,2,2,2,2,2,2,2,2,2,2,2,2,2,2,2,2,2,2,2,2,2,2,2,2,2,2,2,2,2,2,2,2,2,2,2,2,2,2,2,2,2,2,2,2,2,2,2,2,2,2,2,2,2,2,2,2,2,2,2,2,2,2,2,2,2,2,2,2,3,3,5,5,5,5,5,7,7,7,9,9,9,11,13,14,15,15,16,17,17,17,17,17,17,17,17,17,17,17,17,18,18,18,18,18,18,18,18,18,18,18,18,18,18,18,18,18,18,18,18,18,18,18,18,18,18,18,18,19,19,19,19,19,19,19,19,19,19,19,19,19,19,19,19,19,19,19,19,19,20,20,20,20,20,20
Moffat County,0,0,0,0,0,0,0,0,0,0,0,0,0,0,0,0,0,0,0,0,0,0,0,0,0,0,0,0,0,0,0,0,0,0,0,0,0,0,0,0,0,0,0,0,0,0,0,0,0,0,0,0,0,0,0,0,0,0,0,0,0,0,0,0,0,0,2,2,3,3,3,3,3,3,3,3,3,3,3,3,3,3,3,3,3,3,3,4,4,5,6,6,6,6,6,6,6,6,6,6,6,6,6,6,6,6,6,6,6,6,6,6,6,6,6,6,6,6,6,6,6,6,6,6,6,7,7,7,7,7,7,7,8,8,8,8,8,8,8,8,8,8,8,8,8,8,8,8,9,9,9,9,9,9,9,9,10,10,10,10,13,13,13,13,13,13,13,13,13,14,15,15,15,16,16,16,16,17,18,18,18,18,20,20,21,23,23,23,23,24,24,24,25,25,25,26,26,26,26,27,31,32,32,32,32,32,32,32,32,33,33,33,33,33,33,33,33,34,34,34,34,34,34,34,34,34,35,35,35,35,35,35,35,35,35,35,35,37,37
Montezuma County,0,0,0,0,0,0,0,0,0,0,0,0,0,0,0,0,0,0,0,0,0,0,0,0,0,0,0,0,0,0,0,0,0,0,0,0,0,0,0,0,0,0,0,0,0,0,0,0,0,0,0,0,0,0,0,0,0,0,0,0,0,0,0,0,0,0,0,1,1,1,1,3,3,6,8,8,8,8,8,11,11,12,12,12,12,13,13,13,13,13,13,13,15,15,15,15,15,15,16,16,16,16,17,18,18,19,21,23,23,23,24,25,25,25,26,27,27,27,29,30,30,35,35,35,36,36,36,37,39,43,45,46,46,46,46,46,50,57,57,58,58,58,59,59,60,62,65,65,66,67,67,67,68,68,68,69,69,70,70,71,71,71,71,72,73,73,74,74,75,76,77,77,80,80,81,84,85,89,89,90,92,91,91,92,93,96,101,102,103,103,107,107,108,108,108,108,108,109,111,112,112,112,112,113,113,113,113,115,117,117,117,117,121,121,121,121,122,122,123,123,123,124,124,126,126,126,126,126,126,126,126,126,126,127,127,128,128,128,128
Montrose County,0,0,0,0,0,0,0,0,0,0,0,0,0,0,0,0,0,0,0,0,0,0,0,0,0,0,0,0,0,0,0,0,0,0,0,0,0,0,0,0,0,0,0,0,0,0,0,0,0,0,0,0,0,0,0,0,0,0,0,1,1,1,3,4,4,6,8,8,10,13,13,14,26,31,32,34,35,35,38,38,50,57,59,63,65,69,70,72,77,80,80,82,82,83,87,90,92,94,96,96,98,102,105,106,107,110,114,121,122,124,127,127,128,129,131,135,136,136,136,136,147,152,159,159,159,163,163,163,168,169,172,177,181,181,182,183,185,188,190,190,190,191,191,194,195,195,197,198,198,198,199,200,201,201,201,202,203,203,204,205,207,207,208,208,208,208,210,211,213,214,216,218,218,218,222,222,225,229,232,234,235,236,245,248,251,255,260,260,263,265,265,274,278,279,283,287,287,292,293,297,305,310,312,313,316,317,317,321,323,327,328,329,331,332,335,336,338,338,339,341,341,342,343,344,345,348,350,350,350,351,351,352,352,353,353,353,355,358,359
Morgan County,0,0,0,0,0,0,0,0,0,0,0,0,0,0,0,0,0,0,0,0,0,0,0,0,0,0,0,0,0,0,0,0,0,0,0,0,0,0,0,0,0,0,0,0,0,0,0,0,0,0,0,0,0,0,0,0,0,1,2,2,2,3,3,3,3,4,4,4,4,4,5,7,7,16,17,19,23,23,44,51,56,59,75,89,103,122,135,147,157,167,180,202,214,232,249,259,298,344,358,372,384,395,399,413,422,439,448,463,485,508,517,521,527,534,542,557,561,565,574,579,586,591,603,604,609,613,616,620,623,628,629,630,631,635,638,641,641,644,644,644,644,645,645,646,646,646,646,646,647,649,649,649,649,649,649,649,650,651,652,652,652,653,654,654,655,655,655,655,655,655,656,656,656,660,661,663,663,665,665,665,665,665,666,666,670,672,672,673,673,673,673,674,676,677,677,678,681,681,683,684,685,686,687,687,693,694,695,698,699,700,701,702,703,704,705,706,708,710,711,711,712,713,713,716,716,717,718,718,720,721,721,723,723,724,725,725,725,726,727
Otero County,0,0,0,0,0,0,0,0,0,0,0,0,0,0,0,0,0,0,0,0,0,0,0,0,0,0,0,0,0,0,0,0,0,0,0,0,0,0,0,0,0,0,0,0,0,0,0,0,0,0,0,0,0,0,0,0,0,0,0,0,0,0,0,1,1,2,3,3,3,3,3,3,3,3,3,4,4,4,5,5,5,5,5,5,5,5,6,6,6,7,7,7,7,8,8,8,8,8,8,10,10,10,10,10,10,10,10,10,10,10,10,10,11,11,11,11,11,11,11,13,14,14,14,14,15,15,15,18,18,18,19,19,19,20,21,21,21,21,22,22,22,22,22,22,22,22,22,22,22,22,22,22,22,22,22,22,22,22,22,22,22,22,22,22,22,22,22,22,22,22,22,23,23,23,23,23,23,23,24,24,24,26,30,33,35,36,38,38,40,44,49,52,54,56,61,63,65,70,71,71,71,71,76,78,78,78,78,78,78,78,79,79,80,80,80,81,81,81,81,82,82,82,82,82,82,82,82,82,82,82,82,82,83,83,83,84,84,84,86
Ouray County,0,0,0,0,0,0,0,0,0,0,0,0,0,0,0,0,0,0,0,0,0,0,0,0,0,0,0,0,0,0,0,0,0,0,0,0,0,0,0,0,0,0,0,0,0,0,0,0,0,0,0,0,0,0,0,0,0,0,0,0,0,0,0,0,0,0,0,0,0,0,0,0,0,2,2,2,3,3,4,4,4,4,4,4,4,4,5,5,5,5,5,5,5,5,5,5,5,5,5,5,5,5,5,5,5,5,5,6,6,6,6,6,6,6,7,7,7,7,7,7,7,7,8,8,8,8,8,8,8,8,8,8,8,8,8,8,8,8,8,8,8,8,8,8,8,8,8,8,9,9,10,10,10,10,10,10,10,10,10,10,11,11,11,11,12,12,12,12,12,12,12,12,12,12,12,12,12,12,12,12,12,12,12,12,12,12,12,12,12,12,12,12,12,12,12,12,12,12,13,13,13,13,13,13,13,13,13,13,13,13,13,13,13,14,18,20,21,22,22,22,22,23,24,24,24,24,25,25,25,25,25,25,25,25,25,25,25,25,25
Park County,0,0,0,0,0,0,0,0,0,0,0,0,0,0,0,0,0,0,0,0,0,0,0,0,0,0,0,0,0,0,0,0,0,0,0,0,0,0,0,0,0,0,0,0,0,0,0,0,0,0,0,0,0,0,0,0,0,0,1,1,1,1,1,1,1,1,1,3,3,3,3,3,5,5,5,5,5,5,5,6,6,6,6,6,6,6,6,6,6,6,6,6,6,7,7,7,7,11,11,11,13,14,14,14,14,15,15,15,15,15,16,16,16,16,16,16,16,16,20,20,21,21,23,23,23,23,23,23,23,23,23,23,23,23,23,23,23,23,23,23,23,23,23,23,23,23,23,23,23,23,23,24,25,26,27,27,27,27,27,27,27,27,27,27,27,27,28,28,32,32,33,33,33,32,33,33,33,33,33,35,35,35,35,36,37,39,40,40,40,41,41,41,41,41,42,42,42,42,42,42,42,42,42,42,42,42,42,42,42,42,42,42,43,43,43,43,43,43,43,43,43,43,43,43,43,43,45,45,45,45,46,46,46,46,46,46,46,46,46
Phillips County,0,0,0,0,0,0,0,0,0,0,0,0,0,0,0,0,0,0,0,0,0,0,0,0,0,0,0,0,0,0,0,0,0,0,0,0,0,0,0,0,0,0,0,0,0,0,0,0,0,0,0,0,0,0,0,0,0,0,0,0,0,0,0,0,0,0,0,0,0,1,1,2,2,3,3,3,3,4,4,4,4,4,4,4,4,4,5,5,5,5,5,5,5,5,5,5,5,5,5,5,5,5,5,5,5,6,7,7,8,8,9,9,9,9,10,10,10,10,10,10,10,10,12,12,12,12,12,12,13,13,13,14,14,14,14,14,14,14,15,15,15,15,15,15,15,15,15,15,15,15,15,15,15,15,15,15,15,15,16,16,16,16,16,16,16,16,16,16,16,16,16,16,16,16,16,16,16,16,16,16,16,17,17,19,19,19,19,19,19,19,19,19,19,19,19,19,19,19,19,19,19,19,19,19,19,19,19,19,19,19,19,19,19,19,19,19,19,19,19,19,19,19,19,19,19,19,21,21,22,22,22,28,29,29,30,30,30,32,33
Pitkin County,0,0,0,0,0,0,0,0,0,0,0,0,0,0,0,0,0,0,0,0,0,0,0,0,0,0,0,0,0,0,0,0,0,0,0,0,0,0,0,0,0,0,0,0,0,0,0,0,0,0,10,10,11,11,11,11,11,12,14,15,16,18,18,21,23,25,26,27,29,30,33,36,38,38,38,39,39,39,39,47,49,49,49,49,51,51,51,51,51,51,51,51,51,51,51,51,51,51,51,51,51,51,51,51,52,53,54,54,54,54,54,54,54,54,56,56,56,57,57,57,57,57,57,57,57,57,57,57,57,58,58,58,58,59,59,59,59,59,61,62,63,63,63,65,65,67,72,75,78,80,80,80,80,85,86,91,92,92,93,94,99,99,102,102,104,105,105,108,111,117,124,130,132,132,138,140,144,148,148,148,148,148,148,148,148,151,151,151,158,160,162,166,168,168,172,177,180,181,182,186,186,186,188,190,190,190,190,190,190,190,190,191,192,192,193,193,195,195,196,196,197,197,197,198,199,199,201,201,201,201,201,204,204,204,204,204,205,208,213
Prowers County,0,0,0,0,0,0,0,0,0,0,0,0,0,0,0,0,0,0,0,0,0,0,0,0,0,0,0,0,0,0,0,0,0,0,0,0,0,0,0,0,0,0,0,0,0,0,0,0,0,0,0,0,0,0,0,0,0,0,0,0,0,0,0,0,0,0,0,0,0,0,0,0,0,0,0,0,0,0,1,1,1,1,1,1,1,1,1,1,1,1,1,1,1,1,1,1,1,1,1,1,1,1,1,1,3,8,8,8,8,9,9,9,9,9,10,10,10,10,11,11,11,11,12,12,12,12,13,13,13,13,14,14,15,15,15,15,15,15,16,16,16,16,16,16,16,16,16,16,16,16,16,16,16,16,16,17,17,18,19,20,20,21,21,24,24,29,29,30,32,33,36,36,36,38,38,39,42,44,44,45,45,45,45,45,45,45,46,46,46,46,47,47,48,48,48,50,50,50,51,52,53,53,54,58,61,62,62,69,69,70,70,76,76,76,77,78,79,79,79,81,83,84,85,85,87,87,88,88,88,89,89,89,89,90,90,90,90,91,92
Pueblo County,0,0,0,0,0,0,0,0,0,0,0,0,0,0,0,0,0,0,0,0,0,0,0,0,0,0,0,0,0,0,0,0,0,0,0,0,0,0,0,0,0,0,0,0,0,0,0,0,0,0,0,1,1,1,1,1,1,1,2,3,3,3,3,3,3,6,7,10,16,21,22,22,31,36,40,42,44,45,48,50,53,58,64,64,68,72,78,84,87,88,92,107,108,116,121,131,134,136,136,139,146,150,157,157,158,161,163,170,176,182,185,186,186,186,195,202,204,217,219,220,230,233,260,263,263,264,278,278,281,289,295,297,297,300,302,306,313,320,320,323,324,326,332,346,351,351,351,351,351,351,355,357,358,358,368,369,372,378,383,385,390,393,393,396,404,407,408,411,416,417,422,430,432,444,450,458,469,479,482,483,502,524,535,538,548,552,559,563,575,577,590,597,611,613,615,617,645,660,674,687,693,699,709,711,723,729,750,754,757,760,770,779,789,798,798,802,806,821,841,859,865,866,868,875,886,895,905,905,920,929,936,951,960,965,969,974,980,989,1001
Rio Blanco County,0,0,0,0,0,0,0,0,0,0,0,0,0,0,0,0,0,0,0,0,0,0,0,0,0,0,0,0,0,0,0,0,0,0,0,0,0,0,0,0,0,0,0,0,0,0,0,0,0,0,0,0,0,0,0,0,0,0,0,0,0,0,0,0,0,0,0,0,0,0,0,1,1,1,1,1,1,1,1,1,1,1,1,1,1,1,1,1,1,1,1,1,1,1,1,1,1,1,1,1,1,1,1,1,1,1,1,1,1,1,1,1,1,1,1,1,1,1,1,1,1,1,1,1,1,1,1,1,1,1,1,1,1,1,1,1,1,1,1,1,1,1,1,1,1,1,2,2,2,2,2,2,2,2,2,3,3,3,3,3,4,4,4,4,4,4,4,4,4,4,6,6,6,6,6,6,6,6,6,6,6,6,6,6,6,6,6,6,6,6,6,6,7,7,8,8,8,9,15,16,16,16,20,20,20,20,20,20,20,20,20,20,21,21,21,21,21,21,23,23,23,23,23,23,23,23,23,23,23,23,23,23,24,24,24,24,24,24,24
Rio Grande County,0,0,0,0,0,0,0,0,0,0,0,0,0,0,0,0,0,0,0,0,0,0,0,0,0,0,0,0,0,0,0,0,0,0,0,0,0,0,0,0,0,0,0,0,0,0,0,0,0,0,0,0,0,0,0,0,0,0,0,0,0,0,0,0,2,2,2,3,4,5,5,5,5,5,5,5,5,5,5,5,5,5,5,5,7,7,7,7,7,7,7,7,7,7,7,7,7,7,7,7,7,7,7,7,7,7,7,7,7,7,7,7,7,7,7,8,8,8,8,8,13,13,13,13,13,13,13,14,16,23,33,35,36,36,38,40,43,45,46,47,48,51,53,53,53,54,55,57,57,62,63,64,65,66,67,70,72,73,73,74,76,76,78,79,79,80,80,80,80,80,80,80,81,81,82,83,82,82,82,84,84,84,84,84,86,87,87,87,87,87,87,87,87,87,87,87,88,89,89,89,89,89,89,91,91,92,92,92,92,92,93,93,94,94,94,94,94,94,94,94,94,94,94,94,94,94,94,94,94,94,94,94,94,95,95,95,95,95,95
Routt County,0,0,0,0,0,0,0,0,0,0,0,0,0,0,0,0,0,0,0,0,0,0,0,0,0,0,0,0,0,0,0,0,0,0,0,0,0,0,0,0,0,0,0,0,0,0,0,0,0,0,0,1,1,1,1,2,2,2,2,2,3,3,4,6,9,12,14,16,16,17,19,23,28,29,29,29,32,32,32,35,35,36,41,41,41,43,46,49,49,49,51,52,52,52,52,54,54,54,54,55,55,56,56,56,58,58,58,58,58,58,58,59,59,59,59,59,59,59,59,59,59,59,59,59,59,59,61,61,61,61,62,62,62,62,62,62,62,62,62,62,63,63,63,63,63,63,63,63,63,63,63,64,65,67,67,69,70,71,72,73,73,75,75,76,77,77,78,78,79,79,81,81,82,84,84,86,85,85,87,87,87,91,93,94,94,94,94,95,96,96,98,99,106,107,108,110,110,111,117,122,124,124,124,124,124,125,127,127,128,129,129,129,129,130,130,130,131,132,132,132,132,132,134,134,134,134,134,134,134,134,134,135,135,136,138,138,138,139,139
Saguache County,0,0,0,0,0,0,0,0,0,0,0,0,0,0,0,0,0,0,0,0,0,0,0,0,0,0,0,0,0,0,0,0,0,0,0,0,0,0,0,0,0,0,0,0,0,0,0,0,0,0,0,0,0,0,0,0,0,0,0,0,0,0,0,0,0,0,0,0,0,1,1,3,3,3,3,3,3,3,3,3,3,3,3,3,3,3,3,3,3,3,3,3,3,3,3,3,3,3,3,3,3,3,3,3,3,3,3,4,5,5,5,8,8,15,16,16,16,17,18,18,20,23,24,25,25,25,25,33,48,79,81,89,89,89,89,92,93,93,94,94,95,95,97,97,98,98,98,98,98,99,99,99,99,99,99,100,100,100,102,102,102,102,102,102,102,102,102,102,103,103,103,103,103,103,103,103,104,104,105,106,106,106,106,106,106,106,106,106,106,106,106,106,106,106,106,106,106,106,106,106,106,106,106,106,106,106,106,106,107,108,108,108,108,108,108,108,108,110,110,110,110,110,111,111,111,111,111,111,111,111,111,111,111,111,111,111,111,111,111
San Juan County,0,0,0,0,0,0,0,0,0,0,0,0,0,0,0,0,0,0,0,0,0,0,0,0,0,0,0,0,0,0,0,0,0,0,0,0,0,0,0,0,0,0,0,0,0,0,0,0,0,0,0,0,0,0,0,0,0,0,0,0,0,0,0,0,0,0,0,0,0,0,0,0,0,0,0,0,0,0,0,0,0,0,0,0,0,0,0,0,0,0,0,0,0,0,0,0,0,0,0,0,0,0,0,0,0,1,1,1,1,1,1,1,1,1,1,1,1,1,1,1,1,1,1,1,1,1,1,1,1,1,1,1,1,1,1,1,1,1,1,1,1,1,1,1,1,1,1,1,1,1,1,1,1,1,1,1,1,1,1,1,2,2,2,2,2,2,2,2,2,2,2,2,2,2,2,2,2,2,2,2,2,2,2,2,2,2,2,2,2,2,2,2,2,2,2,2,2,2,2,2,2,2,2,2,2,2,2,2,2,2,2,2,2,2,2,2,2,2,2,3,3,4,6,6,6,6,6,6,6,6,6,6,6,6,6,6,6,6,6
San Miguel County,0,0,0,0,0,0,0,0,0,0,0,0,0,0,0,0,0,0,0,0,0,0,0,0,0,0,0,0,0,0,0,0,0,0,0,0,0,0,0,0,0,0,0,0,0,0,0,0,0,0,0,0,0,0,0,0,0,0,0,1,1,1,1,1,1,1,1,1,1,4,4,7,9,9,10,10,10,10,11,11,12,12,12,12,12,12,13,13,15,17,17,17,17,17,17,19,19,19,19,19,19,19,19,20,20,20,20,20,20,20,20,22,22,22,22,22,22,22,22,22,23,23,23,23,23,23,23,23,23,23,23,23,23,23,23,23,23,23,23,23,23,23,23,24,24,24,25,25,28,28,28,28,28,32,32,34,35,35,36,37,37,39,39,39,39,39,39,39,41,43,45,48,49,50,50,57,60,64,64,66,67,68,69,70,70,73,73,73,73,73,73,73,76,76,76,80,80,80,82,88,89,89,90,91,92,92,93,93,93,93,93,93,93,93,93,93,93,93,93,93,93,93,93,93,93,93,93,93,93,93,93,93,93,93,93,93,93,93,94
Sedgwick County,0,0,0,0,0,0,0,0,0,0,0,0,0,0,0,0,0,0,0,0,0,0,0,0,0,0,0,0,0,0,0,0,0,0,0,0,0,0,0,0,0,0,0,0,0,0,0,0,0,0,0,0,0,0,0,0,0,0,0,0,0,0,0,0,0,0,0,0,0,0,0,0,0,0,0,0,0,0,0,0,0,0,0,0,0,0,0,0,0,0,0,0,0,0,0,0,0,0,0,0,0,0,0,0,0,0,0,0,0,0,0,0,0,0,0,0,0,0,0,0,0,0,0,0,0,0,0,0,0,0,0,0,0,0,0,0,0,0,0,0,0,0,0,0,0,0,0,0,0,0,0,0,0,0,0,0,0,0,0,0,0,0,0,0,0,0,0,0,0,0,0,0,0,0,2,3,4,5,5,8,10,11,11,11,11,11,11,11,11,11,11,11,11,11,11,11,11,11,11,11,11,11,11,11,11,11,11,11,11,11,11,11,12,12,12,12,12,12,12,12,12,12,12,12,12,12,12,12,12,12,12,12,12,12,12,12,12,12,12
Summit County,0,0,0,0,0,0,0,0,0,0,0,0,0,0,0,0,0,0,0,0,0,0,0,0,0,0,0,0,0,0,0,0,0,0,0,0,0,0,0,0,0,0,0,0,1,1,1,1,1,1,1,1,1,1,1,3,3,5,7,7,7,8,9,9,9,10,11,11,14,20,23,26,35,43,45,47,53,56,57,61,68,68,72,74,76,77,82,86,86,88,88,88,89,97,97,105,106,119,121,128,130,136,144,144,151,155,155,156,162,165,169,171,174,175,178,182,183,186,192,194,195,197,203,205,205,212,213,213,219,224,226,231,233,237,239,239,243,247,247,248,252,253,254,256,256,257,258,262,262,262,262,262,263,264,264,265,267,267,269,269,269,274,276,277,278,281,281,286,288,289,293,293,293,293,293,294,298,304,304,306,306,308,311,312,313,315,316,318,318,320,321,322,322,323,323,324,327,327,327,327,328,333,338,342,342,344,344,344,345,346,346,346,349,349,349,352,358,361,361,363,363,363,363,364,365,365,366,366,366,366,368,368,368,370,370,372,376,377,391
Teller County,0,0,0,0,0,0,0,0,0,0,0,0,0,0,0,0,0,0,0,0,0,0,0,0,0,0,0,0,0,0,0,0,0,0,0,0,0,0,0,0,0,0,0,0,0,0,0,0,0,0,0,0,0,0,0,0,0,0,0,0,0,3,3,5,7,7,7,7,7,7,7,7,11,11,11,11,12,12,12,12,12,15,15,16,16,17,18,18,24,24,25,25,25,26,27,27,27,28,28,28,28,28,28,28,29,30,30,30,30,31,31,31,31,31,31,31,31,31,31,32,32,32,32,32,32,32,32,32,32,32,32,33,33,33,33,33,34,34,36,37,37,37,38,38,38,38,39,39,39,39,39,39,40,40,40,41,41,41,41,41,41,41,41,42,43,43,43,52,52,53,59,60,61,61,65,65,66,68,71,78,81,85,87,89,89,96,97,97,102,105,105,110,112,113,113,117,121,122,123,123,132,133,136,137,143,144,145,145,145,145,147,149,150,152,154,155,157,158,160,160,161,162,162,162,162,163,163,163,164,165,165,165,165,166,166,168,168,168,169
Washington County,0,0,0,0,0,0,0,0,0,0,0,0,0,0,0,0,0,0,0,0,0,0,0,0,0,0,0,0,0,0,0,0,0,0,0,0,0,0,0,0,0,0,0,0,0,0,0,0,0,0,0,0,0,0,0,0,0,0,0,0,0,0,0,0,0,1,1,1,1,1,1,1,1,1,1,1,1,1,2,2,2,2,2,5,5,5,5,6,6,6,6,6,6,6,6,6,6,7,7,7,7,8,8,8,9,9,9,9,9,9,9,9,9,9,9,10,10,11,11,11,15,15,30,31,32,32,33,33,40,40,41,41,41,41,42,42,42,43,43,43,43,44,44,44,44,44,44,44,44,44,44,44,44,44,44,44,44,44,44,44,45,45,46,46,46,46,46,46,46,46,46,46,46,46,46,46,46,46,46,46,46,46,46,46,46,46,46,46,46,46,46,47,47,47,47,47,47,47,47,47,48,49,49,49,50,50,50,51,51,51,51,51,52,52,52,52,52,52,53,53,53,53,53,53,53,54,54,54,54,54,54,54,54,55,55,55,55,56,56
Weld County,0,0,0,0,0,0,0,0,0,0,0,0,0,0,0,0,0,0,0,0,0,0,0,0,0,0,0,0,0,0,0,0,0,0,0,0,0,0,0,0,0,0,0,0,0,0,0,0,0,0,0,2,3,5,5,5,5,9,15,21,37,50,76,87,107,129,161,180,215,255,293,329,379,424,470,504,537,573,614,649,683,738,808,858,928,960,986,1029,1070,1121,1180,1237,1263,1353,1430,1469,1544,1618,1704,1776,1802,1836,1872,1897,1955,1988,2042,2087,2120,2139,2159,2190,2211,2232,2260,2281,2295,2305,2326,2338,2358,2367,2391,2406,2412,2423,2430,2444,2472,2480,2488,2501,2505,2521,2534,2540,2566,2583,2598,2604,2616,2629,2646,2652,2656,2666,2671,2693,2698,2705,2714,2721,2724,2730,2746,2757,2773,2783,2788,2798,2802,2823,2839,2853,2862,2871,2878,2890,2912,2937,2973,2988,2999,3025,3047,3090,3127,3176,3189,3210,3244,3258,3293,3319,3353,3386,3408,3422,3452,3462,3477,3503,3525,3546,3552,3580,3617,3635,3662,3696,3709,3723,3742,3754,3774,3794,3801,3825,3836,3855,3865,3887,3896,3919,3938,3956,3965,3979,4001,4029,4040,4051,4060,4085,4098,4113,4136,4136,4157,4198,4219,4233,4245,4257,4285,4304,4326,4356,4401
Yuma County,0,0,0,0,0,0,0,0,0,0,0,0,0,0,0,0,0,0,0,0,0,0,0,0,0,0,0,0,0,0,0,0,0,0,0,0,0,0,0,0,0,0,0,0,0,0,0,0,0,0,0,0,0,0,0,0,0,1,1,1,1,1,1,1,2,2,2,2,2,2,2,2,2,2,2,2,2,2,2,2,2,2,2,2,2,2,2,2,3,3,3,4,5,6,6,6,6,7,8,8,8,8,9,9,9,9,10,10,10,11,11,11,11,11,11,11,11,11,11,11,12,12,15,15,18,19,19,20,35,35,35,40,40,40,42,43,44,45,47,47,47,47,47,47,48,49,49,49,49,49,49,50,50,50,51,51,51,51,51,52,52,52,52,52,53,53,53,53,54,54,54,54,54,54,54,55,55,55,55,56,56,56,56,56,56,57,57,57,57,57,57,62,62,62,62,62,63,63,63,63,63,63,63,63,63,63,63,63,63,63,63,63,63,63,63,63,63,63,63,63,63,63,63,63,64,65,65,65,67,68,68,70,70,70,70,72,72,75,76
