County Name,cases - 1/22/20,cases - 1/23/20,cases - 1/24/20,cases - 1/25/20,cases - 1/26/20,cases - 1/27/20,cases - 1/28/20,cases - 1/29/20,cases - 1/30/20,cases - 1/31/20,cases - 2/1/20,cases - 2/2/20,cases - 2/3/20,cases - 2/4/20,cases - 2/5/20,cases - 2/6/20,cases - 2/7/20,cases - 2/8/20,cases - 2/9/20,cases - 2/10/20,cases - 2/11/20,cases - 2/12/20,cases - 2/13/20,cases - 2/14/20,cases - 2/15/20,cases - 2/16/20,cases - 2/17/20,cases - 2/18/20,cases - 2/19/20,cases - 2/20/20,cases - 2/21/20,cases - 2/22/20,cases - 2/23/20,cases - 2/24/20,cases - 2/25/20,cases - 2/26/20,cases - 2/27/20,cases - 2/28/20,cases - 2/29/20,cases - 3/1/20,cases - 3/2/20,cases - 3/3/20,cases - 3/4/20,cases - 3/5/20,cases - 3/6/20,cases - 3/7/20,cases - 3/8/20,cases - 3/9/20,cases - 3/10/20,cases - 3/11/20,cases - 3/12/20,cases - 3/13/20,cases - 3/14/20,cases - 3/15/20,cases - 3/16/20,cases - 3/17/20,cases - 3/18/20,cases - 3/19/20,cases - 3/20/20,cases - 3/21/20,cases - 3/22/20,cases - 3/23/20,cases - 3/24/20,cases - 3/25/20,cases - 3/26/20,cases - 3/27/20,cases - 3/28/20,cases - 3/29/20,cases - 3/30/20,cases - 3/31/20,cases - 4/1/20,cases - 4/2/20,cases - 4/3/20,cases - 4/4/20,cases - 4/5/20,cases - 4/6/20,cases - 4/7/20,cases - 4/8/20,cases - 4/9/20,cases - 4/10/20,cases - 4/11/20,cases - 4/12/20,cases - 4/13/20,cases - 4/14/20,cases - 4/15/20,cases - 4/16/20,cases - 4/17/20,cases - 4/18/20,cases - 4/19/20,cases - 4/20/20,cases - 4/21/20,cases - 4/22/20,cases - 4/23/20,cases - 4/24/20,cases - 4/25/20,cases - 4/26/20,cases - 4/27/20,cases - 4/28/20,cases - 4/29/20,cases - 4/30/20,cases - 5/1/20,cases - 5/2/20,cases - 5/3/20,cases - 5/4/20,cases - 5/5/20,cases - 5/6/20,cases - 5/7/20,cases - 5/8/20,cases - 5/9/20,cases - 5/10/20,cases - 5/11/20,cases - 5/12/20,cases - 5/13/20,cases - 5/14/20,cases - 5/15/20,cases - 5/16/20,cases - 5/17/20,cases - 5/18/20,cases - 5/19/20,cases - 5/20/20,cases - 5/21/20,cases - 5/22/20,cases - 5/23/20,cases - 5/24/20,cases - 5/25/20,cases - 5/26/20,cases - 5/27/20,cases - 5/28/20,cases - 5/29/20,cases - 5/30/20,cases - 5/31/20,cases - 6/1/20,cases - 6/2/20,cases - 6/3/20,cases - 6/4/20,cases - 6/5/20,cases - 6/6/20,cases - 6/7/20,cases - 6/8/20,cases - 6/9/20,cases - 6/10/20,cases - 6/11/20,cases - 6/12/20,cases - 6/13/20,cases - 6/14/20,cases - 6/15/20,cases - 6/16/20,cases - 6/17/20,cases - 6/18/20,cases - 6/19/20,cases - 6/20/20,cases - 6/21/20,cases - 6/22/20,cases - 6/23/20,cases - 6/24/20,cases - 6/25/20,cases - 6/26/20,cases - 6/27/20,cases - 6/28/20,cases - 6/29/20,cases - 6/30/20,cases - 7/1/20,cases - 7/2/20,cases - 7/3/20,cases - 7/4/20,cases - 7/5/20,cases - 7/6/20,cases - 7/7/20,cases - 7/8/20,cases - 7/9/20,cases - 7/10/20,cases - 7/11/20,cases - 7/12/20,cases - 7/13/20,cases - 7/14/20,cases - 7/15/20,cases - 7/16/20,cases - 7/17/20,cases - 7/18/20,cases - 7/19/20,cases - 7/20/20,cases - 7/21/20,cases - 7/22/20,cases - 7/23/20,cases - 7/24/20,cases - 7/25/20,cases - 7/26/20,cases - 7/27/20,cases - 7/28/20,cases - 7/29/20,cases - 7/30/20,cases - 7/31/20,cases - 8/1/20,cases - 8/2/20,cases - 8/3/20,cases - 8/4/20,cases - 8/5/20,cases - 8/6/20,cases - 8/7/20,cases - 8/8/20,cases - 8/9/20,cases - 8/10/20,cases - 8/11/20,cases - 8/12/20,cases - 8/13/20,cases - 8/14/20,cases - 8/15/20,cases - 8/16/20,cases - 8/17/20,cases - 8/18/20,cases - 8/19/20,cases - 8/20/20,cases - 8/21/20,cases - 8/22/20,cases - 8/23/20,cases - 8/24/20,cases - 8/25/20,cases - 8/26/20,cases - 8/27/20,cases - 8/28/20,cases - 8/29/20,cases - 8/30/20,cases - 8/31/20,cases - 9/1/20,cases - 9/2/20,cases - 9/3/20,cases - 9/4/20,cases - 9/5/20,cases - 9/6/20,cases - 9/7/20,cases - 9/8/20,cases - 9/9/20,cases - 9/10/20,cases - 9/11/20,cases - 9/12/20,cases - 9/13/20,cases - 9/14/20,cases - 9/15/20,cases - 9/16/20
Alachua County,0,0,0,0,0,0,0,0,0,0,0,0,0,0,0,0,0,0,0,0,0,0,0,0,0,0,0,0,0,0,0,0,0,0,0,0,0,0,0,0,0,0,0,0,0,0,0,0,1,0,0,0,0,0,1,4,1,4,10,4,10,1,1,9,7,7,8,4,8,7,5,3,15,5,8,10,6,5,10,13,7,6,7,8,1,4,1,4,5,8,6,2,5,13,1,6,3,1,7,5,6,2,11,3,0,6,5,6,2,4,8,4,2,3,0,0,3,5,2,5,2,8,1,6,4,5,0,2,6,1,1,2,0,1,4,5,4,3,0,5,8,31,63,25,10,10,13,16,20,33,40,43,22,22,47,56,82,88,91,35,38,48,87,91,83,72,58,65,91,79,107,65,55,75,85,64,75,68,66,88,64,54,72,81,94,66,94,42,111,56,95,78,64,72,87,59,54,90,54,82,54,29,75,63,82,92,61,85,41,43,46,54,52,54,31,31,42,30,29,35,48,28,3,55,52,42,64,89,84,51,89,90,86,131,212,160,154,102,157
Baker County,0,0,0,0,0,0,0,0,0,0,0,0,0,0,0,0,0,0,0,0,0,0,0,0,0,0,0,0,0,0,0,0,0,0,0,0,0,0,0,0,0,0,0,0,0,0,0,0,0,0,0,0,0,0,0,0,0,0,1,0,1,1,1,1,0,2,0,1,0,1,0,2,0,0,1,1,2,0,1,0,1,0,0,0,0,0,0,0,0,0,0,0,2,1,0,0,0,0,0,0,2,0,0,0,0,0,0,2,0,1,0,0,1,0,0,0,0,0,0,0,0,0,1,0,0,0,1,0,0,1,0,0,0,0,0,0,0,0,0,0,0,0,1,0,0,0,4,1,0,4,0,2,1,0,0,2,3,4,4,2,6,9,8,4,14,4,4,4,10,7,8,16,11,13,5,7,15,13,5,12,6,7,5,4,11,20,15,10,12,7,14,13,15,15,17,20,6,99,102,197,80,25,32,80,8,7,11,7,1,8,2,10,10,3,6,1,0,14,4,7,5,3,2,11,48,19,7,10,11,12,2,8,5,15,6,12,11,11,12
Bay County,0,0,0,0,0,0,0,0,0,0,0,0,0,0,0,0,0,0,0,0,0,0,0,0,0,0,0,0,0,0,0,0,0,0,0,0,0,0,0,0,0,0,0,0,0,0,0,0,0,0,0,0,0,0,0,0,0,0,1,0,0,0,0,2,0,1,1,1,0,2,5,2,3,5,1,0,1,3,6,2,0,1,1,0,1,3,2,4,7,2,1,2,0,3,0,2,3,2,0,2,0,3,1,0,0,0,0,0,0,0,0,1,0,1,2,3,1,1,1,0,1,5,2,1,2,0,0,0,0,0,1,1,0,6,6,4,8,7,2,1,2,0,4,2,4,8,4,4,6,8,13,2,15,25,10,8,39,18,17,25,37,24,173,44,59,29,31,74,62,60,87,80,86,129,108,93,79,135,115,148,105,90,74,87,121,385,110,54,120,111,100,118,145,53,28,220,67,89,117,194,52,7,76,28,93,76,67,34,15,50,52,65,55,62,24,37,14,42,52,26,26,14,8,36,18,38,18,18,19,12,12,23,26,39,37,23,11,26,13
Bradford County,0,0,0,0,0,0,0,0,0,0,0,0,0,0,0,0,0,0,0,0,0,0,0,0,0,0,0,0,0,0,0,0,0,0,0,0,0,0,0,0,0,0,0,0,0,0,0,0,0,0,0,0,0,0,0,0,0,0,0,0,1,0,0,0,0,0,0,1,0,0,1,2,0,1,1,2,2,4,5,2,2,5,1,1,4,4,1,2,0,0,0,0,0,0,0,1,1,0,2,0,1,1,0,0,0,0,0,0,0,0,0,0,0,1,0,0,0,0,0,0,1,0,0,1,0,0,0,0,0,0,0,0,0,0,0,1,0,0,0,0,0,0,0,0,0,0,1,3,0,2,3,0,2,1,5,4,3,4,2,1,0,1,5,3,2,1,0,7,3,8,6,11,3,11,1,16,12,7,5,5,5,3,7,7,9,7,5,3,4,67,9,9,7,5,3,1,2,35,56,35,25,14,11,16,10,9,9,6,4,8,8,24,5,22,9,11,3,10,19,13,12,12,9,15,11,33,21,17,15,4,7,10,10,22,8,18,8,8,18
Brevard County,0,0,0,0,0,0,0,0,0,0,0,0,0,0,0,0,0,0,0,0,0,0,0,0,0,0,0,0,0,0,0,0,0,0,0,0,0,0,0,0,0,0,0,0,0,0,0,0,0,0,0,0,0,0,0,1,1,1,1,1,2,0,2,3,2,6,7,3,2,5,10,2,13,10,7,13,6,7,6,10,2,10,15,15,10,19,13,5,5,3,6,2,9,12,3,2,14,2,2,15,4,8,11,2,9,1,5,1,2,0,2,6,8,4,8,3,6,2,4,1,4,4,9,5,4,1,0,2,8,11,2,2,3,1,3,8,14,4,7,7,13,22,13,22,4,20,43,42,38,60,69,33,28,40,104,127,148,250,84,85,77,169,218,186,87,68,70,114,107,173,119,133,132,141,122,90,82,141,115,162,81,110,148,97,98,142,68,103,86,99,79,87,101,66,32,52,41,82,57,112,101,35,91,58,65,79,86,33,27,76,53,86,44,92,23,34,26,68,52,40,50,19,33,144,45,41,68,66,35,23,33,53,45,74,65,34,35,55,47
Broward County,0,0,0,0,0,0,0,0,0,0,0,0,0,0,0,0,0,0,0,0,0,0,0,0,0,0,0,0,0,0,0,0,0,0,0,0,0,0,0,0,0,0,0,0,0,2,0,2,0,3,4,9,16,0,3,16,25,16,55,13,53,46,48,101,93,126,189,192,125,82,129,133,117,167,121,189,155,135,115,199,165,101,232,84,102,103,222,150,133,107,90,86,177,160,68,70,65,53,51,55,191,113,55,71,109,61,124,11,92,78,24,91,25,59,76,68,42,79,47,38,107,66,69,48,63,39,26,45,105,92,56,73,52,91,123,110,118,114,120,111,158,144,252,275,64,158,412,314,299,337,389,318,172,417,473,367,736,726,574,425,579,531,961,1113,1346,1664,617,739,1186,1321,1603,1548,1772,1459,1330,1339,1413,1347,1218,1150,1695,1601,1170,1263,1566,1611,1163,1434,873,1313,1342,1099,1386,1178,556,422,401,704,688,868,654,630,707,475,661,628,642,436,379,367,341,534,474,349,245,247,201,299,264,366,251,186,171,1124,126,263,246,232,181,133,130,140,173,215,189,161,91,164,143
Calhoun County,0,0,0,0,0,0,0,0,0,0,0,0,0,0,0,0,0,0,0,0,0,0,0,0,0,0,0,0,0,0,0,0,0,0,0,0,0,0,0,0,0,0,0,0,0,0,0,0,0,0,0,0,0,0,0,0,0,0,0,0,0,0,0,0,0,0,0,0,0,1,0,0,1,1,0,0,0,1,0,1,0,0,0,0,0,0,1,0,0,0,0,0,0,0,0,0,0,0,2,0,0,6,1,0,0,4,5,0,3,0,0,0,4,2,5,0,2,0,0,0,1,11,0,0,0,0,0,0,1,3,5,0,1,0,0,2,0,0,0,0,0,0,1,0,0,0,0,0,0,0,3,1,0,1,0,0,2,0,3,0,1,1,8,8,0,4,0,4,5,16,11,19,22,-12,10,12,14,1,0,23,7,0,1,2,10,5,7,7,4,6,7,3,6,32,9,5,1,22,61,45,13,0,6,1,2,4,9,6,0,3,5,6,14,3,3,1,8,0,1,7,5,9,2,1,2,2,8,3,0,0,0,0,2,5,3,2,1,3,0
Charlotte County,0,0,0,0,0,0,0,0,0,0,0,0,0,0,0,0,0,0,0,0,0,0,0,0,0,0,0,0,0,0,0,0,0,0,0,0,0,0,0,0,0,0,0,0,0,0,0,1,0,0,0,0,0,0,0,0,0,0,1,0,0,1,0,0,2,3,8,0,4,4,2,12,5,3,1,8,12,9,5,23,8,1,6,4,1,3,4,7,0,1,4,11,24,21,3,1,8,8,4,13,8,0,5,8,12,25,10,8,5,12,8,10,3,7,10,3,10,9,3,6,12,2,5,6,4,3,3,5,8,4,8,3,2,7,6,5,7,5,7,1,4,10,7,7,3,5,6,8,2,17,11,6,10,8,12,9,31,30,27,35,26,18,43,24,27,35,13,9,30,30,44,26,43,41,54,69,32,29,40,49,39,30,36,24,46,54,23,34,67,23,82,57,38,40,38,14,28,40,30,40,24,19,24,16,24,19,29,9,10,6,21,20,27,31,26,19,31,13,20,20,13,21,21,36,16,15,18,16,15,18,10,0,6,22,9,13,6,4,14
Citrus County,0,0,0,0,0,0,0,0,0,0,0,0,0,0,0,0,0,0,0,0,0,0,0,0,0,0,0,0,0,0,0,0,0,0,0,0,0,0,0,0,0,0,0,0,0,0,0,0,0,0,0,0,1,0,0,1,1,0,4,1,0,1,0,0,1,1,4,1,1,2,4,4,1,6,9,3,5,4,3,6,3,4,1,2,0,6,2,0,2,2,6,0,2,1,0,2,0,0,0,2,0,0,0,0,1,1,1,0,2,2,0,1,2,0,1,0,2,0,2,1,0,3,1,0,0,0,0,0,1,1,0,1,0,0,0,3,0,3,0,0,2,2,3,5,3,7,2,5,5,6,15,6,10,5,15,7,14,24,13,7,7,32,22,19,8,6,21,20,38,12,31,23,23,31,41,47,37,35,29,30,59,19,37,43,55,47,27,19,21,37,32,13,23,63,8,23,51,56,44,41,25,9,46,20,49,45,42,28,21,24,11,48,26,41,20,1,10,16,35,23,15,13,13,29,21,21,45,86,17,20,5,16,31,25,32,26,8,16,15
Clay County,0,0,0,0,0,0,0,0,0,0,0,0,0,0,0,0,0,0,0,0,0,0,0,0,0,0,0,0,0,0,0,0,0,0,0,0,0,0,0,0,0,0,0,0,0,0,0,0,1,0,0,0,0,2,0,1,0,0,1,1,1,1,2,6,3,3,4,8,0,7,12,5,11,5,5,2,7,11,11,34,17,2,2,3,2,14,32,7,24,2,7,3,5,2,1,0,4,1,0,1,3,2,1,6,2,1,4,1,6,1,2,1,0,3,2,5,4,3,1,12,18,3,0,3,5,3,1,3,5,6,2,1,4,3,3,0,3,4,5,6,9,7,2,0,6,5,3,7,6,12,13,13,17,0,12,19,38,36,43,23,31,16,72,70,65,55,26,57,84,96,74,75,105,49,45,39,150,109,80,103,54,60,52,81,59,84,65,39,38,82,61,50,45,55,27,49,37,89,76,59,37,16,29,8,34,20,51,21,23,28,26,42,29,41,22,18,44,25,50,55,46,50,132,35,0,52,35,37,31,0,0,0,26,103,123,44,15,14,22
Collier County,0,0,0,0,0,0,0,0,0,0,0,0,0,0,0,0,0,0,0,0,0,0,0,0,0,0,0,0,0,0,0,0,0,0,0,0,0,0,0,0,0,0,0,0,0,0,0,0,3,0,0,0,2,0,1,1,6,5,9,1,5,6,2,16,10,18,10,16,16,19,12,20,25,18,10,18,22,11,21,24,25,9,15,4,16,20,29,12,6,7,7,10,20,19,9,17,10,6,13,15,14,18,12,13,3,21,28,7,22,18,14,77,21,18,33,8,25,58,24,28,54,48,35,56,31,23,29,67,53,60,25,41,25,74,135,60,94,71,31,58,102,61,73,71,91,66,137,88,66,109,105,62,47,169,81,65,257,188,121,60,78,151,163,162,179,139,57,125,232,144,200,191,252,245,266,141,204,238,263,238,119,142,173,152,200,124,70,75,199,109,177,226,81,72,77,86,153,68,84,63,69,114,39,43,110,94,106,51,27,59,39,79,49,57,44,23,83,25,95,46,53,34,5,187,23,34,40,58,43,30,25,22,25,36,37,40,25,20,18
Columbia County,0,0,0,0,0,0,0,0,0,0,0,0,0,0,0,0,0,0,0,0,0,0,0,0,0,0,0,0,0,0,0,0,0,0,0,0,0,0,0,0,0,0,0,0,0,0,0,0,0,0,0,0,0,0,0,0,0,0,0,0,2,0,1,0,0,0,0,0,0,0,0,1,0,6,3,2,1,0,2,5,2,1,1,1,6,1,0,1,3,1,3,1,2,0,1,2,4,2,2,1,6,4,24,4,0,0,5,1,0,1,0,2,2,0,1,0,3,2,0,2,4,2,4,5,1,1,3,1,4,4,0,3,0,6,7,7,4,0,0,3,1,2,0,0,5,1,4,15,3,0,14,8,5,1,10,3,4,11,8,12,6,9,20,15,17,13,3,13,15,29,12,29,13,114,35,305,158,63,31,64,127,84,67,269,217,65,48,81,82,38,114,39,74,22,26,39,35,59,53,51,38,20,24,24,17,27,42,11,7,26,24,30,33,20,36,12,23,20,26,21,15,4,5,39,2,6,15,27,9,1,16,3,9,18,18,32,5,19,18
DeSoto County,0,0,0,0,0,0,0,0,0,0,0,0,0,0,0,0,0,0,0,0,0,0,0,0,0,0,0,0,0,0,0,0,0,0,0,0,0,0,0,0,0,0,0,0,0,0,0,0,0,0,0,0,0,0,0,0,0,0,0,0,1,0,0,2,0,3,1,0,0,0,0,1,1,2,1,2,2,3,1,0,0,0,2,0,0,0,1,0,1,0,0,0,0,0,0,0,1,1,2,1,1,1,1,7,1,2,0,0,5,0,4,1,0,6,3,0,5,2,1,11,14,3,15,3,2,4,3,8,39,2,9,0,15,8,13,27,13,10,16,12,3,5,25,19,13,26,15,4,6,19,8,11,18,19,26,8,18,35,11,15,4,30,27,15,57,15,4,8,15,24,10,21,1,55,65,46,18,30,10,12,19,13,13,11,21,20,8,33,22,13,11,13,21,7,5,11,5,8,6,12,12,7,19,5,11,5,15,7,2,2,2,12,5,6,1,0,4,3,3,8,4,6,11,4,8,2,0,19,1,1,2,0,0,4,3,1,2,3,1
Dixie County,0,0,0,0,0,0,0,0,0,0,0,0,0,0,0,0,0,0,0,0,0,0,0,0,0,0,0,0,0,0,0,0,0,0,0,0,0,0,0,0,0,0,0,0,0,0,0,0,0,0,0,0,0,0,0,0,0,0,0,0,0,0,0,0,0,0,0,0,0,0,0,0,0,1,0,0,0,0,0,0,1,0,0,0,1,0,0,0,0,1,0,0,0,1,0,0,0,1,0,1,0,0,2,1,0,0,1,1,1,0,0,1,1,3,4,0,0,3,1,0,5,2,5,3,2,1,2,0,3,0,2,3,0,1,1,2,0,0,2,0,0,0,0,0,0,0,0,0,0,1,0,0,0,1,0,1,0,2,0,0,3,1,0,3,3,3,2,4,6,5,8,3,2,9,8,10,11,9,5,19,11,9,4,5,5,12,5,1,7,3,6,5,12,8,5,7,5,86,49,51,72,6,9,4,4,2,12,7,4,14,12,4,18,14,2,1,17,4,4,12,5,10,7,16,3,11,8,-389,400,2,3,4,4,7,0,2,2,7,5
Duval County,0,0,0,0,0,0,0,0,0,0,0,0,0,0,0,0,0,0,0,0,0,0,0,0,0,0,0,0,0,0,0,0,0,0,0,0,0,0,0,0,0,0,0,0,0,0,0,0,1,0,0,0,3,0,1,5,4,1,0,10,14,11,0,10,0,39,21,22,21,44,32,47,37,64,26,65,43,36,38,23,21,29,23,27,28,30,41,18,19,42,13,27,19,0,10,19,6,11,6,5,13,13,7,27,5,0,6,5,46,30,7,15,13,16,37,7,25,16,18,18,19,21,30,33,28,17,23,16,38,47,36,10,6,9,33,34,28,28,14,18,24,45,30,38,29,42,80,82,115,175,211,207,183,117,217,305,447,677,740,251,368,273,767,714,653,532,341,348,604,589,744,515,577,506,354,428,840,649,262,643,699,299,435,378,424,507,465,248,137,260,418,222,284,343,165,204,181,353,321,277,271,93,211,231,190,138,209,120,102,105,130,151,199,138,104,100,74,147,138,152,115,107,69,223,124,434,164,139,91,99,68,84,165,179,140,88,67,107,124
Escambia County,0,0,0,0,0,0,0,0,0,0,0,0,0,0,0,0,0,0,0,0,0,0,0,0,0,0,0,0,0,0,0,0,0,0,0,0,0,0,0,0,0,0,0,0,0,0,0,0,0,0,0,0,0,0,1,0,0,0,0,0,3,5,1,7,3,8,0,9,44,13,2,5,12,5,7,16,27,14,10,12,6,14,17,6,14,16,13,14,5,6,25,75,5,14,8,15,13,15,11,10,26,6,55,2,3,6,12,2,16,4,3,18,6,6,11,0,7,18,12,4,11,6,9,7,12,1,7,8,7,19,5,13,16,9,13,5,8,9,3,16,8,29,12,5,24,14,21,32,37,38,43,28,4,42,68,92,155,52,49,42,250,94,194,157,200,212,133,117,129,144,153,177,484,189,148,262,309,292,211,208,135,174,228,159,223,170,164,140,92,179,169,140,170,99,118,137,105,148,242,540,211,124,175,122,106,87,83,60,52,88,94,96,89,68,38,42,39,73,55,67,55,30,32,73,56,48,58,64,39,23,31,59,68,64,52,49,24,53,29
Flagler County,0,0,0,0,0,0,0,0,0,0,0,0,0,0,0,0,0,0,0,0,0,0,0,0,0,0,0,0,0,0,0,0,0,0,0,0,0,0,0,0,0,0,0,0,0,0,0,0,0,0,0,0,0,0,0,0,0,0,0,0,1,2,1,2,2,4,1,0,2,3,6,1,3,1,2,3,1,1,5,3,1,0,0,0,1,4,5,11,9,1,2,0,28,0,10,5,6,4,2,0,1,4,2,0,1,1,3,2,0,0,0,0,1,0,5,3,0,4,7,2,3,1,0,4,0,0,1,1,3,3,4,0,1,1,2,2,0,0,0,0,5,1,1,2,3,0,1,6,2,0,8,2,11,7,6,11,13,5,14,9,8,13,17,19,10,14,9,18,14,10,22,17,20,16,20,28,18,25,12,38,9,24,13,28,32,23,22,12,25,12,17,34,18,11,15,16,14,14,19,44,18,8,17,6,6,20,27,6,3,7,11,13,20,24,10,9,9,9,4,9,14,8,2,11,6,11,27,26,19,42,10,11,9,20,29,27,11,18,8
Franklin County,0,0,0,0,0,0,0,0,0,0,0,0,0,0,0,0,0,0,0,0,0,0,0,0,0,0,0,0,0,0,0,0,0,0,0,0,0,0,0,0,0,0,0,0,0,0,0,0,0,0,0,0,0,0,0,0,0,0,0,0,0,0,0,0,0,0,0,0,0,0,0,0,1,0,1,0,0,0,0,0,0,0,0,0,0,0,0,0,0,0,0,0,0,0,0,0,0,0,0,0,0,0,0,0,0,0,0,0,0,0,0,0,0,0,0,0,0,0,0,0,0,0,0,0,0,0,0,0,0,0,0,0,0,0,0,0,0,0,0,0,0,0,0,0,0,0,0,0,0,0,0,0,2,0,0,0,2,0,0,0,0,0,3,2,0,4,0,0,4,5,1,6,2,11,1,2,1,2,2,4,21,3,1,1,1,2,2,0,8,8,2,3,8,14,28,31,8,79,101,21,20,12,3,0,15,1,15,8,0,7,1,5,13,11,2,8,1,2,5,2,8,5,2,5,2,9,2,3,3,1,0,0,3,2,4,0,3,1,2
Gadsden County,0,0,0,0,0,0,0,0,0,0,0,0,0,0,0,0,0,0,0,0,0,0,0,0,0,0,0,0,0,0,0,0,0,0,0,0,0,0,0,0,0,0,0,0,0,0,0,0,0,0,0,0,0,0,0,0,1,0,0,0,0,0,0,0,0,0,0,0,0,0,0,1,1,1,0,1,1,3,3,2,0,3,19,2,2,4,3,1,3,6,0,2,10,10,1,1,6,7,0,1,8,2,2,6,2,5,1,2,5,0,2,7,2,1,40,32,11,17,2,3,4,3,3,0,9,2,2,0,1,0,4,3,2,7,3,1,4,1,0,2,2,2,1,0,3,1,4,3,4,3,3,0,4,3,3,5,15,13,8,3,3,10,17,22,18,22,0,6,7,14,33,46,14,27,9,63,34,15,43,29,46,58,45,83,50,52,46,9,27,43,48,32,90,115,24,24,14,49,118,85,18,19,25,36,20,15,24,14,9,14,8,17,26,45,26,12,17,29,14,14,22,27,7,37,6,20,27,108,10,5,3,9,6,20,8,14,8,21,6
Gilchrist County,0,0,0,0,0,0,0,0,0,0,0,0,0,0,0,0,0,0,0,0,0,0,0,0,0,0,0,0,0,0,0,0,0,0,0,0,0,0,0,0,0,0,0,0,0,0,0,0,0,0,0,0,0,0,0,0,0,0,0,0,0,0,0,0,0,0,0,0,0,0,0,0,0,0,0,0,1,1,1,1,0,0,0,0,0,0,0,0,0,0,0,0,0,0,0,0,0,0,0,1,0,0,1,0,0,0,0,0,0,0,0,0,1,0,0,0,0,0,1,0,0,2,0,1,1,0,0,0,0,0,0,3,0,0,2,2,0,0,0,0,0,1,2,4,0,0,47,0,1,1,0,0,11,0,2,0,1,5,2,0,1,5,4,3,3,2,2,6,2,5,4,1,1,8,13,13,7,15,10,16,13,36,11,6,7,13,2,0,0,0,0,4,20,1,0,0,0,9,6,10,8,3,3,11,7,11,1,3,3,11,4,0,8,6,5,2,1,1,4,4,6,3,4,4,0,4,2,5,1,0,1,2,2,0,0,0,1,4,1
Glades County,0,0,0,0,0,0,0,0,0,0,0,0,0,0,0,0,0,0,0,0,0,0,0,0,0,0,0,0,0,0,0,0,0,0,0,0,0,0,0,0,0,0,0,0,0,0,0,0,0,0,0,0,0,0,0,0,0,0,0,0,0,0,0,0,0,0,0,1,2,0,0,0,0,1,0,0,0,0,0,0,0,0,1,0,0,0,0,0,0,0,0,0,0,0,0,0,0,0,1,0,0,0,0,0,0,0,0,0,1,0,0,1,0,1,0,0,0,1,3,3,3,0,1,0,0,4,0,0,3,2,1,2,29,3,6,11,2,1,1,1,18,3,2,1,4,2,2,1,2,0,0,21,0,0,1,8,3,4,3,3,0,0,3,5,2,5,9,0,1,0,7,4,3,6,0,4,2,8,41,17,5,1,2,3,1,90,0,0,6,0,0,0,2,0,1,0,4,2,0,3,0,4,1,2,2,9,0,2,1,1,2,7,8,4,0,0,4,3,1,1,0,1,2,2,0,0,2,0,0,3,1,2,2,2,4,1,0,1,6
Gulf County,0,0,0,0,0,0,0,0,0,0,0,0,0,0,0,0,0,0,0,0,0,0,0,0,0,0,0,0,0,0,0,0,0,0,0,0,0,0,0,0,0,0,0,0,0,0,0,0,0,0,0,0,0,0,0,0,0,0,0,0,0,0,0,0,0,0,0,0,0,0,1,0,0,0,0,0,0,0,0,0,0,0,0,0,0,0,0,0,0,0,0,0,0,0,0,0,0,0,0,0,0,0,0,0,0,0,0,0,0,0,0,0,0,0,0,0,0,0,0,0,0,0,0,0,0,0,0,0,0,0,0,0,1,0,1,0,0,3,1,0,1,0,0,0,0,1,2,0,0,0,0,0,0,2,1,2,1,5,0,0,1,0,9,2,0,20,0,3,2,7,13,9,2,8,3,8,9,6,11,6,37,14,13,7,24,5,0,8,16,21,15,35,37,6,11,25,21,54,79,30,49,11,26,10,17,8,6,17,13,4,5,5,12,5,9,4,1,0,5,12,1,5,0,3,2,5,2,6,1,3,0,3,2,4,3,2,1,1,1
Hamilton County,0,0,0,0,0,0,0,0,0,0,0,0,0,0,0,0,0,0,0,0,0,0,0,0,0,0,0,0,0,0,0,0,0,0,0,0,0,0,0,0,0,0,0,0,0,0,0,0,0,0,0,0,0,0,0,0,0,0,0,0,0,0,0,0,0,0,0,0,0,0,0,0,0,0,0,1,0,0,0,1,0,0,0,0,0,0,1,0,0,0,1,2,0,0,0,0,0,0,0,0,1,0,0,0,0,0,0,1,0,10,1,0,67,48,10,0,3,0,0,6,3,3,2,33,12,0,2,1,12,9,3,6,0,11,5,6,0,1,0,1,4,1,0,3,0,1,5,2,2,4,2,2,13,2,11,2,0,5,3,2,7,11,31,4,2,2,5,3,13,4,3,5,8,9,5,5,25,29,7,4,7,3,4,4,10,16,4,3,5,-1,3,3,4,12,0,6,3,3,14,5,1,0,5,2,0,4,5,1,0,5,2,3,8,13,6,1,4,4,5,6,3,2,2,4,0,4,2,2,12,4,1,5,0,14,2,13,1,22,9
Hardee County,0,0,0,0,0,0,0,0,0,0,0,0,0,0,0,0,0,0,0,0,0,0,0,0,0,0,0,0,0,0,0,0,0,0,0,0,0,0,0,0,0,0,0,0,0,0,0,0,0,0,0,0,0,0,0,0,0,0,0,0,0,0,0,0,0,0,0,0,0,0,1,0,0,0,1,0,0,0,1,0,0,0,0,0,0,1,0,0,0,0,0,0,1,4,1,0,3,1,2,2,4,7,3,1,1,0,1,0,1,0,0,0,1,2,0,0,1,2,2,3,7,6,3,14,8,2,1,0,3,2,6,2,4,6,7,13,9,5,6,2,7,4,13,12,7,9,8,8,7,16,28,17,16,13,16,6,33,30,8,15,4,10,28,28,8,2,3,8,19,12,47,1,6,5,6,20,16,28,17,12,4,7,9,7,26,17,5,8,16,7,7,14,8,16,0,0,9,24,18,42,13,13,10,6,6,8,3,2,1,7,4,22,4,1,9,5,2,7,10,0,8,1,5,7,4,13,4,25,16,9,2,8,5,12,9,13,11,7,10
Hendry County,0,0,0,0,0,0,0,0,0,0,0,0,0,0,0,0,0,0,0,0,0,0,0,0,0,0,0,0,0,0,0,0,0,0,0,0,0,0,0,0,0,0,0,0,0,0,0,0,0,0,0,0,0,0,0,0,0,0,0,0,0,0,0,0,0,0,1,1,1,1,0,0,1,1,1,2,0,2,2,2,1,4,2,1,3,1,4,8,2,3,2,9,4,5,0,1,3,4,8,3,9,4,5,10,4,5,9,4,3,9,6,8,6,11,4,25,6,11,2,4,12,9,0,32,40,16,2,15,33,18,10,16,15,30,25,20,31,6,7,7,8,10,7,20,21,12,9,16,25,24,23,12,4,17,16,14,41,44,28,15,15,27,13,28,31,33,16,10,18,6,11,17,33,45,26,21,22,15,22,8,34,20,18,24,29,15,17,61,16,17,12,14,17,3,15,24,3,15,16,25,12,21,22,9,25,13,26,1,5,2,5,9,17,6,11,4,7,3,7,2,3,9,6,4,2,2,4,7,0,6,3,1,1,3,6,4,5,3,2
Hernando County,0,0,0,0,0,0,0,0,0,0,0,0,0,0,0,0,0,0,0,0,0,0,0,0,0,0,0,0,0,0,0,0,0,0,0,0,0,0,0,0,0,0,0,0,0,0,0,0,0,0,0,0,0,0,0,0,0,1,4,0,0,0,0,3,1,3,2,6,1,3,4,6,4,2,3,5,3,6,5,2,5,2,0,0,2,3,7,0,0,0,0,0,0,3,2,0,1,0,0,1,2,0,2,2,0,1,0,1,0,2,1,0,0,3,1,2,0,0,0,0,1,1,0,0,3,0,1,0,0,0,2,0,3,2,2,0,0,3,1,1,2,1,2,3,5,1,5,1,4,7,13,14,15,6,12,9,33,52,34,15,12,35,43,21,49,20,16,35,67,49,58,52,43,48,37,41,29,61,33,69,28,22,44,23,52,70,36,36,31,58,38,57,33,42,17,36,40,64,23,46,47,6,41,37,18,36,40,25,30,29,33,47,32,27,18,8,27,17,13,10,44,41,14,70,25,11,21,22,17,0,4,2,34,22,13,28,10,7,24
Highlands County,0,0,0,0,0,0,0,0,0,0,0,0,0,0,0,0,0,0,0,0,0,0,0,0,0,0,0,0,0,0,0,0,0,0,0,0,0,0,0,0,0,0,0,0,0,0,0,0,0,0,0,0,0,0,0,0,0,0,0,0,1,1,2,1,0,1,4,2,2,3,4,3,2,4,5,1,1,7,2,1,7,2,5,1,2,2,0,0,4,1,0,0,3,2,0,0,4,1,0,0,3,1,0,2,0,0,3,3,3,2,1,0,1,3,0,1,0,0,3,0,3,1,1,1,1,0,0,5,1,7,2,1,2,2,4,3,2,3,4,0,3,7,9,1,1,1,20,5,3,6,9,11,12,20,12,9,5,40,0,21,5,15,7,18,7,8,11,19,22,16,15,29,15,25,33,37,29,31,21,57,13,31,67,36,56,50,21,29,35,12,17,31,34,55,25,19,15,17,27,41,39,14,25,27,22,25,33,27,24,7,21,19,18,18,20,5,7,9,25,14,16,10,2,15,8,8,19,15,21,12,14,10,2,27,12,10,9,13,6
Hillsborough County,0,0,0,0,0,0,0,0,0,0,0,0,0,0,0,0,0,0,0,0,0,0,0,0,0,0,0,0,0,0,0,0,0,0,0,0,0,0,0,0,1,0,0,0,0,0,0,0,0,1,0,0,2,0,1,4,5,6,22,5,11,17,16,32,28,23,32,19,47,33,57,42,59,34,39,39,33,23,26,19,22,61,54,6,51,8,46,19,17,13,6,7,22,14,19,7,14,18,25,19,39,77,41,19,24,7,33,7,29,32,16,25,21,36,38,17,29,39,17,33,64,23,33,60,56,30,26,24,50,60,72,50,34,99,95,75,89,105,113,62,104,147,121,209,109,213,203,244,337,372,337,261,393,203,716,437,689,1112,788,405,429,713,911,668,656,636,341,685,737,567,996,698,790,678,680,510,539,945,601,603,429,415,341,541,605,589,451,406,340,445,474,374,473,529,332,348,399,366,302,403,319,144,265,202,230,266,346,198,130,237,246,210,232,281,147,93,139,204,197,220,210,229,123,322,210,153,160,281,164,119,107,138,127,221,160,152,150,151,137
Holmes County,0,0,0,0,0,0,0,0,0,0,0,0,0,0,0,0,0,0,0,0,0,0,0,0,0,0,0,0,0,0,0,0,0,0,0,0,0,0,0,0,0,0,0,0,0,0,0,0,0,0,0,0,0,0,0,0,0,0,0,0,0,0,0,0,0,0,0,0,1,0,0,0,0,0,0,0,1,0,0,0,0,0,0,2,0,0,1,0,1,0,2,0,1,0,0,0,0,0,0,1,0,0,0,0,0,0,0,0,0,0,0,0,0,0,0,0,0,0,0,1,3,0,0,0,0,4,0,0,1,0,0,0,4,1,2,4,0,0,0,0,1,0,0,0,0,0,0,1,1,12,2,0,11,63,16,10,3,11,0,0,16,4,10,4,0,4,0,2,6,5,11,2,2,2,5,24,7,10,11,17,10,10,8,17,16,7,4,9,15,3,11,9,11,12,10,2,3,16,10,8,11,2,2,4,5,6,4,5,1,22,1,5,10,9,6,2,11,0,9,7,3,3,0,18,14,8,14,1,9,3,1,1,1,4,3,3,5,4,0
Indian River County,0,0,0,0,0,0,0,0,0,0,0,0,0,0,0,0,0,0,0,0,0,0,0,0,0,0,0,0,0,0,0,0,0,0,0,0,0,0,0,0,0,0,0,0,0,0,0,0,0,0,0,0,0,0,0,0,0,1,0,4,3,2,1,1,2,1,1,4,5,8,2,6,6,3,5,5,2,3,3,2,2,2,3,0,1,5,0,0,1,1,0,0,3,1,0,0,1,0,0,0,1,1,5,1,1,0,0,1,0,0,0,2,0,1,1,0,2,0,2,0,2,2,1,3,1,2,0,1,2,4,4,3,5,1,5,10,6,4,3,0,5,5,13,7,8,11,18,22,28,33,52,20,20,13,35,22,62,79,35,31,11,42,33,48,77,35,21,16,23,53,67,46,27,74,78,49,45,32,41,81,64,36,44,38,70,104,33,57,42,45,49,37,66,32,38,29,16,39,26,38,35,20,12,19,10,34,22,12,9,7,11,14,28,15,11,9,10,14,21,10,16,7,1,23,5,8,13,10,8,9,10,9,12,20,9,12,7,10,11
Jackson County,0,0,0,0,0,0,0,0,0,0,0,0,0,0,0,0,0,0,0,0,0,0,0,0,0,0,0,0,0,0,0,0,0,0,0,0,0,0,0,0,0,0,0,0,0,0,0,0,0,0,0,0,0,0,0,0,0,1,0,0,0,0,0,0,0,0,0,1,0,0,2,0,0,0,0,0,0,0,1,0,1,0,0,0,0,2,0,0,0,1,2,0,2,0,0,0,0,0,1,0,0,0,1,0,0,8,8,41,0,19,6,8,0,0,20,1,3,2,17,23,2,46,6,5,8,1,1,1,7,1,2,5,10,3,21,8,0,10,1,1,1,4,1,2,1,1,6,1,0,2,1,3,5,3,1,5,3,3,6,0,4,2,16,13,7,5,5,4,89,13,39,25,6,45,20,23,7,74,13,62,26,19,40,47,16,241,46,4,27,247,9,13,22,25,5,25,102,52,20,0,4,76,39,17,43,11,11,12,6,75,48,21,18,22,9,7,46,10,9,13,13,8,1,49,29,14,17,33,4,7,17,22,19,18,28,24,1,14,12
Jefferson County,0,0,0,0,0,0,0,0,0,0,0,0,0,0,0,0,0,0,0,0,0,0,0,0,0,0,0,0,0,0,0,0,0,0,0,0,0,0,0,0,0,0,0,0,0,0,0,0,0,0,0,0,0,0,0,0,0,0,0,0,0,0,0,0,0,0,0,0,0,0,0,0,0,1,0,2,1,4,1,0,0,3,0,1,9,1,0,1,2,0,0,0,0,1,0,0,1,0,0,0,0,0,0,0,0,0,0,0,0,0,0,0,0,0,0,0,0,0,0,0,1,0,0,0,0,0,0,0,0,0,0,0,0,0,0,1,1,0,0,0,0,0,0,1,0,0,1,3,0,0,0,0,0,2,0,3,0,4,1,0,3,2,6,0,1,0,7,2,2,3,5,3,1,6,6,7,2,7,1,3,0,5,4,34,4,9,5,3,7,4,4,37,108,7,19,54,16,5,9,1,5,2,7,0,0,0,5,0,2,4,0,4,4,7,3,0,1,1,0,2,0,3,2,2,2,2,4,3,4,0,0,5,3,4,1,2,2,0,2
Lafayette County,0,0,0,0,0,0,0,0,0,0,0,0,0,0,0,0,0,0,0,0,0,0,0,0,0,0,0,0,0,0,0,0,0,0,0,0,0,0,0,0,0,0,0,0,0,0,0,0,0,0,0,0,0,0,0,0,0,0,0,0,0,0,0,0,0,0,0,0,0,0,0,0,0,0,0,0,0,1,0,0,0,0,0,0,0,0,0,0,0,0,0,0,0,0,0,0,0,0,0,0,1,0,0,0,1,0,0,0,0,0,0,2,0,0,0,1,0,0,0,0,0,1,1,0,0,0,0,0,0,0,0,0,0,0,1,1,0,0,0,2,0,0,0,0,1,0,2,0,1,2,0,1,1,0,0,2,5,3,0,1,1,0,1,1,2,0,4,2,6,1,3,1,0,3,5,3,3,0,4,2,0,1,0,1,4,3,1,0,9,3,5,2,8,0,3,0,0,4,12,5,12,2,41,4,276,308,159,53,20,21,92,7,14,16,5,0,0,5,8,7,5,13,2,0,1,2,3,1,1,1,0,2,0,4,0,0,1,2,5
Lake County,0,0,0,0,0,0,0,0,0,0,0,0,0,0,0,0,0,0,0,0,0,0,0,0,0,0,0,0,0,0,0,0,0,0,0,0,0,0,0,0,0,0,0,0,0,0,0,0,0,0,0,0,0,0,1,0,1,1,1,0,2,3,5,8,4,6,6,6,6,16,5,11,6,7,6,6,15,17,1,9,1,0,12,7,11,6,11,6,4,4,2,1,3,2,2,1,1,3,1,0,6,1,0,1,0,1,1,0,3,2,1,3,1,1,1,1,2,2,3,3,4,2,5,2,2,2,2,1,11,7,3,3,2,3,4,4,4,8,8,2,3,13,28,69,12,18,16,54,31,63,25,62,30,32,43,43,94,123,94,60,50,108,98,95,91,151,45,108,89,94,117,96,123,128,138,99,127,130,67,137,48,82,121,163,133,98,102,79,90,67,82,108,96,49,47,61,25,46,118,115,88,16,52,62,100,98,98,32,31,48,58,96,95,57,42,43,33,41,50,62,70,40,11,142,43,41,61,71,33,37,17,30,50,51,49,25,17,29,45
Lee County,0,0,0,0,0,0,0,0,0,0,0,0,0,0,0,0,0,0,0,0,0,0,0,0,0,0,0,0,0,0,0,0,0,0,0,0,0,0,0,0,0,0,0,0,0,2,0,0,0,1,1,0,1,0,0,2,4,0,3,3,9,4,2,20,14,29,24,33,19,35,29,40,29,44,31,21,39,37,46,50,26,19,25,15,20,10,34,18,30,16,10,26,66,53,4,17,10,19,13,18,46,18,33,20,22,16,36,7,30,19,17,32,15,18,35,16,55,25,39,22,43,81,11,22,37,23,8,35,45,47,14,35,24,120,60,53,53,36,26,73,34,78,63,71,202,41,138,172,167,121,81,71,39,79,199,118,695,199,232,175,225,281,354,445,547,283,163,198,266,215,234,274,1275,221,287,218,872,322,354,314,195,219,270,373,278,246,123,125,176,161,260,279,135,123,125,75,87,129,158,183,98,103,86,154,167,139,127,96,50,44,101,134,86,140,53,55,76,77,115,129,123,50,39,151,54,82,58,81,35,42,34,31,68,61,81,37,37,41,51
Leon County,0,0,0,0,0,0,0,0,0,0,0,0,0,0,0,0,0,0,0,0,0,0,0,0,0,0,0,0,0,0,0,0,0,0,0,0,0,0,0,0,0,0,0,0,0,0,0,0,0,0,0,0,0,0,0,0,1,3,0,0,1,1,2,0,5,2,2,1,5,3,6,3,4,3,0,17,9,4,6,13,22,7,30,0,5,10,4,0,7,8,2,1,4,16,1,2,2,1,1,5,7,7,1,9,0,0,6,0,3,2,0,12,5,4,1,0,4,10,14,2,14,9,1,2,40,3,2,2,22,3,0,1,6,17,4,2,4,4,1,5,3,5,8,0,5,5,9,2,10,13,49,16,14,9,18,28,53,80,176,47,116,35,228,89,172,160,72,41,44,92,114,85,102,100,72,86,103,108,67,121,135,125,54,161,88,88,104,108,81,55,98,69,123,93,61,41,48,106,171,108,43,41,110,34,85,55,73,39,41,73,45,82,62,103,43,57,25,42,92,78,49,100,27,154,122,278,274,327,229,120,118,168,162,316,248,188,108,138,124
Levy County,0,0,0,0,0,0,0,0,0,0,0,0,0,0,0,0,0,0,0,0,0,0,0,0,0,0,0,0,0,0,0,0,0,0,0,0,0,0,0,0,0,0,0,0,0,0,0,0,0,0,0,0,0,0,0,0,0,0,0,0,0,0,0,0,0,1,0,1,0,0,0,0,0,0,2,0,1,1,0,0,1,0,0,0,2,0,0,2,1,0,0,1,0,0,0,0,0,5,0,1,0,0,0,1,0,0,0,0,0,0,0,2,0,0,2,0,1,0,0,2,0,0,0,0,2,1,0,0,1,0,1,2,1,0,3,17,3,2,13,17,0,5,3,2,0,1,26,4,1,5,0,2,8,4,3,3,8,3,3,2,1,7,1,10,10,8,1,7,7,10,6,14,8,10,9,14,15,14,7,26,17,23,16,10,17,8,13,12,19,16,37,29,8,12,23,9,5,13,7,21,11,3,11,11,11,16,18,13,18,9,9,18,14,12,8,3,10,6,12,5,8,8,4,10,2,4,3,5,6,4,3,1,7,3,3,1,1,7,1
Liberty County,0,0,0,0,0,0,0,0,0,0,0,0,0,0,0,0,0,0,0,0,0,0,0,0,0,0,0,0,0,0,0,0,0,0,0,0,0,0,0,0,0,0,0,0,0,0,0,0,0,0,0,0,0,0,0,0,0,0,0,0,0,0,0,0,0,0,0,0,0,0,0,0,0,0,0,0,0,0,0,1,0,0,1,0,0,0,0,0,0,0,0,0,0,0,0,0,0,0,1,0,3,2,52,0,0,10,44,82,0,2,0,0,0,1,0,0,0,0,0,0,0,5,0,2,3,0,0,0,4,0,0,0,0,5,0,0,0,0,0,0,0,0,0,0,1,1,0,0,0,0,0,0,0,0,0,0,0,1,0,1,0,0,8,8,0,6,0,1,4,8,5,11,1,2,0,5,3,5,4,10,8,5,4,0,7,5,3,4,1,8,8,14,14,0,0,0,0,0,11,5,0,0,7,0,0,3,0,0,0,0,0,2,1,3,4,4,2,0,0,5,1,1,0,3,0,0,4,4,2,3,0,0,19,4,3,3,1,2,2
Madison County,0,0,0,0,0,0,0,0,0,0,0,0,0,0,0,0,0,0,0,0,0,0,0,0,0,0,0,0,0,0,0,0,0,0,0,0,0,0,0,0,0,0,0,0,0,0,0,0,0,0,0,0,0,0,0,0,0,0,0,0,0,0,0,0,0,0,0,0,0,0,2,0,2,2,4,1,0,1,0,2,0,0,0,0,1,1,3,1,1,2,3,9,5,1,0,2,1,5,0,6,3,0,2,1,0,0,0,0,0,0,0,0,0,1,0,0,1,1,0,2,0,0,1,1,1,0,0,0,0,0,0,0,0,0,0,2,0,0,0,0,0,4,0,1,3,3,2,2,7,5,11,14,19,1,0,13,14,9,8,4,4,5,18,2,19,8,8,10,8,10,19,18,15,32,15,20,13,8,8,13,7,26,15,12,10,5,7,27,7,4,19,21,14,25,12,6,2,12,11,14,0,8,2,22,6,10,6,9,3,6,6,4,25,15,8,2,2,7,3,8,8,7,1,9,0,10,11,9,15,4,0,9,21,18,7,7,1,0,4
Manatee County,0,0,0,0,0,0,0,0,0,0,0,0,0,0,0,0,0,0,0,0,0,0,0,0,0,0,0,0,0,0,0,0,0,0,0,0,0,0,0,0,0,0,0,0,0,0,1,1,0,0,0,2,0,0,2,1,1,1,2,2,0,2,1,9,0,4,3,6,4,11,17,19,15,25,7,9,19,8,7,21,21,15,16,9,16,32,17,36,55,16,10,5,25,18,6,11,25,30,4,13,11,16,12,17,48,38,15,5,14,20,7,12,11,7,13,8,15,18,21,5,40,13,12,17,13,2,6,11,15,15,8,12,17,36,24,28,15,12,30,10,16,8,56,44,24,44,62,40,25,101,137,104,87,36,119,70,166,274,95,73,46,159,160,86,293,162,69,105,190,186,166,200,480,154,153,145,350,219,147,289,169,133,207,174,268,189,150,123,108,97,150,180,138,78,92,62,51,112,74,75,89,52,55,73,86,108,73,46,62,48,33,73,62,64,47,39,32,37,32,30,51,27,8,64,42,25,44,32,23,17,26,30,43,31,65,18,46,40,13
Marion County,0,0,0,0,0,0,0,0,0,0,0,0,0,0,0,0,0,0,0,0,0,0,0,0,0,0,0,0,0,0,0,0,0,0,0,0,0,0,0,0,0,0,0,0,0,0,0,0,0,0,0,0,0,0,0,0,0,0,0,2,1,1,0,1,0,4,9,4,1,2,5,3,5,4,8,5,7,6,7,8,4,6,8,3,2,6,4,2,3,8,1,2,13,3,2,1,0,9,5,10,3,4,2,0,9,3,6,0,6,0,3,2,4,0,1,2,2,1,1,4,5,0,0,4,0,3,0,1,2,1,4,2,5,2,4,11,2,5,2,3,2,6,7,11,1,4,10,6,14,20,24,6,17,12,43,26,31,74,33,24,17,55,62,28,51,59,59,57,68,51,145,96,86,153,132,164,119,99,103,164,127,171,105,101,178,119,202,155,347,386,368,210,177,104,113,148,109,164,277,276,251,62,95,130,123,109,131,86,72,129,166,77,116,119,81,39,46,80,89,60,103,45,27,86,51,42,63,56,65,21,1,44,42,76,65,38,19,52,18
Martin County,0,0,0,0,0,0,0,0,0,0,0,0,0,0,0,0,0,0,0,0,0,0,0,0,0,0,0,0,0,0,0,0,0,0,0,0,0,0,0,0,0,0,0,0,0,0,0,0,0,0,0,0,0,0,0,0,0,1,0,0,1,2,0,3,4,6,9,1,0,1,5,1,8,11,7,25,15,8,1,6,2,5,7,6,5,2,5,1,3,4,5,2,4,3,0,5,9,2,1,5,6,2,3,13,3,6,9,10,2,10,6,13,1,6,13,2,25,50,25,23,53,4,7,11,16,25,15,7,44,25,25,1,28,49,35,46,39,58,10,17,24,62,36,78,36,48,78,15,13,97,39,65,57,29,28,34,40,137,60,69,76,57,39,57,43,69,102,39,42,42,89,46,54,130,36,35,50,38,35,50,44,41,57,64,43,31,32,31,34,42,34,30,35,11,7,14,31,23,55,35,23,13,14,11,20,24,6,10,14,30,30,18,31,21,16,8,21,61,49,140,58,30,34,0,0,0,0,0,0,0,0,0,42,1,22,9,9,40,6
Miami-Dade County,0,0,0,0,0,0,0,0,0,0,0,0,0,0,0,0,0,0,0,0,0,0,0,0,0,0,0,0,0,0,0,0,0,0,0,0,0,0,0,0,0,0,0,0,0,0,0,0,0,0,2,6,5,0,10,20,34,24,41,27,58,51,60,153,163,215,252,351,229,422,79,684,478,526,256,525,455,335,437,402,458,300,401,253,351,263,498,221,309,303,399,233,299,338,79,346,219,261,96,136,326,243,143,317,132,147,214,79,177,166,160,218,83,274,269,355,292,206,78,92,333,155,172,151,196,127,57,171,245,185,174,139,85,232,323,277,243,248,209,224,297,271,324,761,284,280,544,532,581,522,704,710,449,583,957,885,1532,1366,2152,1508,1598,1141,2304,2046,2418,2282,1981,2066,2916,1987,2380,2527,3576,3269,2090,2514,3108,2442,3159,3212,2797,2522,2788,2723,3362,3424,2901,2560,3037,2791,2773,2546,2745,1483,954,1115,1190,1728,1732,1808,1244,1162,1507,4141,1713,1678,1745,900,719,964,1103,1069,1143,909,772,626,773,750,622,661,620,521,351,2149,341,578,491,549,345,274,389,407,461,481,415,296,213,389,459
Monroe County,0,0,0,0,0,0,0,0,0,0,0,0,0,0,0,0,0,0,0,0,0,0,0,0,0,0,0,0,0,0,0,0,0,0,0,0,0,0,0,0,0,0,0,0,0,0,0,0,0,0,0,0,0,0,0,0,0,0,1,0,0,1,1,8,3,5,3,1,3,1,3,8,2,2,2,2,3,3,1,2,4,0,5,0,2,0,2,5,0,0,0,0,1,3,0,1,0,0,0,1,0,1,0,0,0,0,0,0,8,0,4,3,0,0,0,0,4,0,0,1,0,1,6,0,0,0,0,0,1,0,0,1,0,0,1,0,0,1,3,0,2,4,1,7,1,1,1,6,9,4,8,4,3,1,8,14,14,2,15,17,23,11,26,26,15,30,13,18,29,18,25,74,28,39,30,29,45,53,42,49,35,41,43,20,84,32,12,19,30,23,32,70,25,32,22,10,15,34,18,58,12,5,17,8,21,26,19,11,10,7,16,9,12,6,0,1,1,5,4,10,5,8,7,9,4,6,1,4,3,0,1,1,4,11,1,0,8,0,4
Nassau County,0,0,0,0,0,0,0,0,0,0,0,0,0,0,0,0,0,0,0,0,0,0,0,0,0,0,0,0,0,0,0,0,0,0,0,0,0,0,0,0,0,0,0,0,0,0,0,0,1,0,0,0,0,0,0,0,0,0,0,0,0,0,0,3,1,1,1,0,0,3,1,5,3,2,0,4,2,2,3,1,0,1,0,1,2,3,2,0,2,2,0,0,2,1,1,3,0,0,3,0,1,1,1,0,0,1,0,0,0,0,1,0,1,1,2,0,1,0,0,3,0,0,0,1,0,0,2,2,0,1,1,0,4,1,1,0,0,0,0,1,1,2,1,3,2,1,1,2,1,4,10,4,5,6,2,8,10,12,11,6,7,14,29,28,24,36,12,21,29,30,33,44,42,22,24,30,26,34,22,63,39,27,27,27,30,24,22,26,19,23,28,17,25,25,17,17,17,29,18,17,14,6,14,17,10,16,20,18,11,9,18,24,39,21,42,14,10,11,41,46,23,16,45,24,1,36,12,17,22,23,11,19,11,11,23,15,19,12,18
Okaloosa County,0,0,0,0,0,0,0,0,0,0,0,0,0,0,0,0,0,0,0,0,0,0,0,0,0,0,0,0,0,0,0,0,0,0,0,0,0,0,0,0,0,0,0,0,0,0,1,0,0,0,0,0,0,0,0,1,2,1,4,3,2,0,0,4,4,3,6,1,4,3,5,7,3,5,3,3,5,8,5,2,6,10,2,1,3,10,7,3,4,0,3,0,7,4,4,0,0,3,1,1,2,2,2,0,1,1,1,2,3,1,0,0,1,2,2,3,0,1,2,4,0,1,7,1,0,1,4,1,8,5,11,9,3,1,5,9,3,9,9,3,13,7,18,3,17,5,7,7,15,25,7,2,21,15,21,43,41,22,38,35,30,38,66,50,60,26,11,21,31,46,68,47,155,100,60,87,91,75,55,60,160,89,42,30,68,73,93,43,71,95,127,61,85,81,100,75,54,132,99,57,54,39,46,21,24,21,43,32,14,31,30,44,31,43,34,10,33,22,35,39,30,10,20,45,46,33,50,33,21,28,18,33,41,49,28,41,17,39,19
Okeechobee County,0,0,0,0,0,0,0,0,0,0,0,0,0,0,0,0,0,0,0,0,0,0,0,0,0,0,0,0,0,0,0,0,0,0,0,0,0,0,0,0,0,0,0,0,0,0,0,0,0,0,0,0,0,0,0,0,0,0,0,0,0,0,0,0,0,0,0,0,0,0,1,0,1,1,0,1,1,0,0,0,0,0,0,0,0,0,0,1,1,0,1,0,1,0,0,0,1,0,0,1,1,1,1,3,0,1,4,1,0,2,0,0,0,7,1,1,1,8,2,4,2,4,2,3,4,3,0,1,2,6,7,1,1,12,7,18,3,13,0,5,6,5,4,8,17,6,6,5,7,23,10,5,5,6,20,13,18,26,10,17,17,6,7,12,11,10,16,12,1,7,42,17,9,39,15,5,11,13,23,18,11,22,10,76,27,5,10,25,16,5,20,15,27,25,13,9,8,14,24,14,12,16,22,4,6,6,32,17,6,7,14,8,6,12,7,0,6,2,1,8,15,5,4,5,2,17,4,8,4,1,4,1,6,18,12,8,2,6,16
Orange County,0,0,0,0,0,0,0,0,0,0,0,0,0,0,0,0,0,0,0,0,0,0,0,0,0,0,0,0,0,0,0,0,0,0,0,0,0,0,0,0,0,0,0,0,0,0,0,0,0,0,0,1,1,0,1,3,5,8,4,6,4,15,2,39,30,55,39,55,32,73,85,83,61,55,56,41,14,56,36,42,21,26,75,14,34,42,44,22,18,18,19,23,16,16,14,18,17,24,8,14,28,9,12,4,8,14,14,4,27,0,7,25,16,24,38,14,26,24,20,9,18,18,24,40,23,18,28,25,43,31,26,29,17,73,48,41,46,60,62,71,93,136,95,164,193,152,155,147,316,374,295,345,243,345,554,730,1062,989,834,343,300,560,584,620,1184,770,375,361,426,401,553,482,1371,936,440,532,1390,750,469,741,325,427,689,554,698,607,421,413,427,371,400,420,455,233,228,213,285,351,250,369,324,132,191,299,234,286,319,202,104,223,237,189,186,217,124,119,129,173,162,204,164,157,132,498,88,180,159,139,108,78,95,119,107,228,145,93,74,134,95
Osceola County,0,0,0,0,0,0,0,0,0,0,0,0,0,0,0,0,0,0,0,0,0,0,0,0,0,0,0,0,0,0,0,0,0,0,0,0,0,0,0,0,0,0,0,0,0,0,0,0,0,0,0,1,0,0,3,3,1,5,1,7,3,1,1,13,6,11,18,15,5,16,30,30,31,15,13,12,15,21,18,10,12,6,10,16,12,23,8,11,6,1,7,10,22,12,2,0,7,4,4,0,8,18,5,5,0,15,15,10,10,8,1,7,6,8,14,8,6,5,2,7,4,4,4,10,0,4,11,1,14,10,3,2,6,6,11,6,9,4,4,13,8,15,11,14,28,10,18,26,34,34,47,45,28,67,75,99,164,164,184,86,107,138,185,177,255,185,102,122,112,164,192,203,306,275,133,176,519,286,169,285,258,211,208,157,306,257,207,114,245,157,151,189,179,133,112,124,138,130,115,167,128,73,89,78,101,109,82,86,59,51,56,71,68,62,51,40,32,40,48,96,67,36,43,126,38,44,64,66,45,25,18,34,40,50,56,32,35,39,37
Palm Beach County,0,0,0,0,0,0,0,0,0,0,0,0,0,0,0,0,0,0,0,0,0,0,0,0,0,0,0,0,0,0,0,0,0,0,0,0,0,0,0,0,0,0,0,0,0,0,0,0,0,0,2,3,0,0,3,5,8,8,16,11,16,17,12,40,33,67,77,65,80,88,65,121,121,96,46,82,77,65,109,98,68,147,58,36,76,51,221,50,32,90,60,93,141,46,14,83,66,114,34,52,78,39,50,181,79,90,107,28,183,72,19,204,83,102,113,49,84,134,41,77,192,104,68,61,154,74,26,86,224,133,98,139,84,258,211,171,215,156,99,189,160,209,322,233,391,182,247,210,382,262,390,248,189,237,356,304,658,430,461,322,439,297,412,465,825,687,406,396,593,425,577,614,1171,788,473,509,923,650,684,740,641,525,555,761,737,703,618,633,640,573,525,578,580,372,324,379,354,454,377,486,420,277,344,293,274,367,327,227,145,186,202,224,271,230,183,176,107,160,182,363,172,135,100,422,131,125,119,143,162,120,122,113,110,192,149,152,114,166,154
Pasco County,0,0,0,0,0,0,0,0,0,0,0,0,0,0,0,0,0,0,0,0,0,0,0,0,0,0,0,0,0,0,0,0,0,0,0,0,0,0,0,0,0,0,0,0,0,0,0,0,1,0,0,0,1,0,0,0,1,2,3,0,3,3,1,3,3,4,9,1,3,2,11,15,11,13,12,12,8,5,12,4,7,10,9,8,9,4,2,6,7,4,4,7,1,9,2,0,5,2,2,8,3,23,3,4,2,1,4,2,2,4,3,2,4,2,5,1,2,3,8,1,7,3,3,8,11,9,4,2,2,4,5,2,6,4,7,11,3,5,10,8,15,16,11,16,21,22,17,23,44,59,64,59,63,82,130,86,156,304,150,129,83,141,141,169,165,149,93,154,189,137,229,189,127,185,129,174,126,165,115,174,107,111,99,103,163,148,129,108,81,109,100,98,95,85,69,88,72,94,91,89,98,34,58,41,70,65,58,47,37,37,33,48,43,42,65,19,30,61,47,34,40,39,20,87,30,33,32,37,49,22,19,24,30,53,43,20,24,49,40
Pinellas County,0,0,0,0,0,0,0,0,0,0,0,0,0,0,0,0,0,0,0,0,0,0,0,0,0,0,0,0,0,0,0,0,0,0,0,0,0,0,0,0,0,0,0,0,0,0,0,0,2,0,0,0,0,0,2,0,8,4,11,2,9,3,4,9,11,17,29,5,13,38,66,40,45,24,17,13,15,8,27,9,15,9,24,15,19,17,35,22,5,15,25,9,15,17,4,10,11,11,9,11,19,9,9,18,4,13,19,8,20,13,15,33,14,39,35,11,14,29,11,13,34,7,37,20,14,9,9,13,20,24,35,16,22,26,36,81,54,52,54,41,67,116,79,162,132,154,134,161,203,266,285,229,187,179,354,282,430,614,307,240,227,374,388,448,419,417,226,273,363,431,467,303,248,598,312,326,288,346,305,463,223,220,266,180,355,259,162,192,202,259,314,242,248,170,112,161,155,156,183,184,154,62,162,114,112,137,194,70,44,102,118,93,160,105,79,47,44,83,76,59,73,75,41,97,54,97,82,96,70,49,52,62,67,140,77,50,66,93,71
Polk County,0,0,0,0,0,0,0,0,0,0,0,0,0,0,0,0,0,0,0,0,0,0,0,0,0,0,0,0,0,0,0,0,0,0,0,0,0,0,0,0,0,0,0,0,0,0,0,0,0,0,0,0,0,0,0,1,1,2,6,0,1,2,0,2,5,8,9,9,17,10,18,12,23,16,15,23,19,7,28,7,3,10,16,9,8,17,12,4,6,9,21,8,15,14,7,10,31,16,11,15,17,14,9,13,11,17,30,7,22,13,19,20,12,11,18,6,14,10,20,20,36,18,13,16,9,13,16,32,38,28,22,11,15,21,26,27,18,33,28,37,44,38,48,41,52,43,57,68,68,154,114,72,183,54,175,117,209,402,313,187,154,212,279,333,246,290,276,193,230,311,405,372,263,384,251,325,292,274,258,494,353,195,237,236,364,288,226,294,176,166,222,207,247,256,146,94,188,235,185,285,177,174,170,167,180,116,204,117,77,101,116,164,128,143,93,71,66,110,71,123,111,91,117,148,133,126,148,127,106,64,69,93,96,107,109,136,50,89,62
Putnam County,0,0,0,0,0,0,0,0,0,0,0,0,0,0,0,0,0,0,0,0,0,0,0,0,0,0,0,0,0,0,0,0,0,0,0,0,0,0,0,0,0,0,0,0,0,0,0,0,0,0,0,0,0,0,0,0,0,0,1,0,1,0,0,3,7,0,0,0,1,0,0,1,1,3,1,0,1,4,1,4,5,8,0,1,3,3,3,3,1,2,1,9,7,6,2,4,0,16,0,3,2,9,3,0,0,0,0,0,5,1,1,0,0,0,0,1,3,3,0,1,1,2,1,1,3,1,0,5,0,1,2,1,1,0,11,7,1,0,1,1,1,5,2,2,5,1,7,7,4,4,8,16,1,4,19,10,14,12,21,9,12,42,52,56,27,24,10,16,27,26,34,42,43,37,60,20,16,26,29,36,22,22,44,33,25,42,19,7,15,32,38,40,16,51,11,18,25,24,19,16,27,11,20,11,9,17,26,9,0,13,16,29,20,20,14,2,5,10,10,7,6,11,6,10,15,13,11,13,14,8,3,7,15,31,15,23,6,16,10
St. Johns County,0,0,0,0,0,0,0,0,0,0,0,0,0,0,0,0,0,0,0,0,0,0,0,0,0,0,0,0,0,0,0,0,0,0,0,0,0,0,0,0,0,0,0,0,0,0,0,0,0,0,0,0,0,1,1,1,1,0,4,1,7,2,4,6,8,6,8,9,2,18,11,12,17,13,9,6,7,2,7,2,5,3,3,1,1,4,4,2,2,2,2,1,5,3,0,1,0,3,0,1,2,1,0,0,3,2,6,0,0,0,0,1,6,2,0,0,0,1,1,0,2,1,2,1,1,1,4,2,5,4,4,0,2,5,0,3,2,7,3,5,0,0,5,6,9,8,18,14,18,33,35,28,35,14,38,51,83,74,81,58,53,41,99,100,71,66,58,50,84,115,98,58,55,62,114,60,99,92,56,105,110,71,58,38,88,75,58,64,64,79,32,48,48,59,39,60,28,62,40,41,42,25,78,36,43,66,65,23,7,43,12,42,31,31,16,7,37,22,20,24,23,35,11,57,24,72,50,52,47,41,24,30,30,54,45,29,15,26,24
St. Lucie County,0,0,0,0,0,0,0,0,0,0,0,0,0,0,0,0,0,0,0,0,0,0,0,0,0,0,0,0,0,0,0,0,0,0,0,0,0,0,0,0,0,0,0,0,0,0,0,0,0,0,0,0,0,0,0,0,0,0,1,0,2,2,1,3,2,6,5,2,7,7,9,1,12,16,6,25,15,7,8,9,3,3,9,4,7,14,5,5,6,2,2,7,7,3,2,3,8,3,0,8,2,5,3,2,0,6,6,4,5,2,2,6,9,2,12,3,7,11,2,0,13,14,23,5,13,9,7,4,25,14,8,2,19,16,27,26,46,20,27,15,27,64,33,37,53,43,55,56,20,74,38,45,12,23,84,51,57,135,76,39,33,88,64,107,126,73,82,91,78,50,178,78,123,199,73,75,92,110,89,127,79,101,89,108,149,163,85,145,168,91,98,99,104,104,46,73,67,118,111,70,77,52,96,48,72,85,67,62,29,43,54,78,87,40,43,23,69,53,49,74,43,36,17,128,36,37,41,38,36,33,25,12,26,65,52,23,28,61,28
Santa Rosa County,0,0,0,0,0,0,0,0,0,0,0,0,0,0,0,0,0,0,0,0,0,0,0,0,0,0,0,0,0,0,0,0,0,0,0,0,0,0,0,0,0,0,0,1,0,0,0,0,0,0,0,0,0,0,0,0,0,1,1,0,1,0,0,4,4,1,3,4,16,8,2,1,1,2,5,9,2,4,26,9,1,3,4,1,1,3,12,3,5,1,0,1,1,2,4,2,1,1,2,1,3,0,0,1,0,0,2,2,10,1,3,3,0,1,2,0,1,2,1,11,1,4,5,0,1,1,28,0,3,2,3,2,1,2,5,1,1,1,0,3,1,11,2,10,6,2,4,8,14,11,12,2,6,5,16,40,26,5,26,14,111,24,59,67,72,52,35,39,52,40,52,57,189,48,33,111,140,77,82,87,67,42,72,57,141,77,142,282,156,180,154,57,63,55,30,68,58,90,91,66,82,24,50,40,35,37,48,50,14,27,39,38,44,33,25,19,21,40,43,26,42,25,12,43,49,49,33,46,45,14,8,32,36,61,16,23,13,18,19
Sarasota County,0,0,0,0,0,0,0,0,0,0,0,0,0,0,0,0,0,0,0,0,0,0,0,0,0,0,0,0,0,0,0,0,0,0,0,0,0,0,0,0,0,0,0,0,0,0,0,0,0,1,0,0,0,0,2,1,0,2,4,4,3,4,5,6,2,9,7,11,6,9,23,11,14,5,11,19,14,11,17,10,12,3,4,11,12,7,14,5,5,7,6,5,8,4,4,3,2,11,4,14,13,7,5,8,10,10,7,4,2,8,4,5,5,47,9,2,10,10,15,5,12,15,11,10,4,4,4,13,11,7,6,4,8,2,3,6,11,11,6,8,11,11,8,17,26,13,9,14,30,35,58,36,30,39,60,48,106,96,60,46,35,119,106,107,245,101,31,58,85,97,117,93,465,113,115,113,277,156,185,180,93,94,135,77,193,169,97,65,106,75,94,145,84,52,90,40,86,85,70,69,67,25,58,80,85,125,48,37,39,36,50,36,55,75,36,0,26,24,25,45,26,31,14,32,42,24,33,40,32,24,23,29,14,33,52,34,25,27,38
Seminole County,0,0,0,0,0,0,0,0,0,0,0,0,0,0,0,0,0,0,0,0,0,0,0,0,0,0,0,0,0,0,0,0,0,0,0,0,0,0,0,0,0,0,0,0,0,0,0,0,1,0,0,0,0,0,3,0,3,1,3,1,7,3,1,9,8,14,14,13,7,15,25,17,18,15,13,4,7,16,11,9,4,13,13,7,9,22,7,2,5,5,3,5,7,8,3,6,10,6,0,6,6,9,0,2,7,5,2,0,1,4,0,3,4,4,3,2,1,3,7,2,1,4,5,5,2,4,6,3,7,3,6,1,2,12,7,3,6,11,10,14,29,36,42,46,50,31,46,40,100,125,88,76,96,90,173,144,198,236,164,111,89,116,155,150,218,134,91,92,130,154,161,116,146,237,70,129,177,188,120,179,82,108,114,103,116,117,65,82,115,102,86,68,79,73,48,73,66,106,44,72,70,34,67,45,59,47,54,47,21,38,38,73,32,62,21,22,33,28,57,38,45,27,23,144,25,42,59,26,36,21,30,25,22,33,40,20,16,45,22
Sumter County,0,0,0,0,0,0,0,0,0,0,0,0,0,0,0,0,0,0,0,0,0,0,0,0,0,0,0,0,0,0,0,0,0,0,0,0,0,0,0,0,0,0,0,0,0,0,0,0,0,0,0,0,0,0,0,0,1,1,1,1,0,4,2,8,6,5,11,5,2,4,6,9,2,5,2,6,6,4,9,7,1,2,2,1,1,3,3,24,3,6,10,1,2,1,2,2,2,3,0,5,36,4,5,7,1,0,4,1,1,4,0,0,1,1,4,1,0,1,0,0,0,0,1,0,0,0,0,0,0,0,0,0,2,3,2,1,0,0,0,3,1,0,1,0,0,1,1,1,1,7,5,2,2,4,9,9,5,6,8,7,11,23,19,14,7,12,16,42,38,33,40,33,33,24,2,40,36,13,17,40,16,16,22,21,39,27,24,11,25,17,13,19,14,40,11,21,17,28,29,47,19,4,37,39,27,26,39,65,18,28,25,17,52,24,13,1,6,18,12,65,13,16,4,29,33,43,28,36,21,6,1,11,9,17,15,2,4,14,8
Suwannee County,0,0,0,0,0,0,0,0,0,0,0,0,0,0,0,0,0,0,0,0,0,0,0,0,0,0,0,0,0,0,0,0,0,0,0,0,0,0,0,0,0,0,0,0,0,0,0,0,0,0,0,0,0,0,0,0,0,0,0,0,0,0,0,0,0,1,0,1,1,0,3,1,4,6,1,13,2,14,7,5,8,0,1,7,6,2,4,3,8,0,4,2,2,1,2,7,2,10,1,1,9,2,0,0,1,1,1,1,0,1,0,2,1,2,0,2,5,2,0,0,1,3,0,1,0,0,1,0,0,1,0,1,0,2,2,2,0,1,0,1,2,4,3,1,10,4,8,9,7,5,23,38,0,49,10,11,13,20,40,6,60,33,29,20,16,17,16,16,27,13,24,14,11,15,11,27,47,28,15,4,13,31,8,6,39,14,20,11,14,22,22,49,24,16,19,13,21,78,54,48,50,17,36,412,233,51,33,17,6,33,2,5,18,6,33,1,6,14,11,18,18,7,8,16,9,7,19,5,6,5,5,6,2,10,5,11,1,6,1
Taylor County,0,0,0,0,0,0,0,0,0,0,0,0,0,0,0,0,0,0,0,0,0,0,0,0,0,0,0,0,0,0,0,0,0,0,0,0,0,0,0,0,0,0,0,0,0,0,0,0,0,0,0,0,0,0,0,0,0,0,0,0,0,0,0,0,0,0,0,0,0,0,0,0,0,0,0,0,1,0,0,0,0,0,0,0,0,0,0,0,0,1,0,0,1,0,0,0,0,0,0,0,0,0,0,0,0,0,0,0,0,0,0,0,0,0,0,0,0,2,0,0,3,2,1,1,2,0,0,2,3,1,2,0,0,2,2,1,18,1,1,0,0,4,1,1,1,5,1,2,0,0,1,2,3,1,1,0,1,2,1,2,3,1,5,6,6,2,2,1,7,7,7,7,6,7,6,9,27,7,8,6,8,7,5,18,5,8,9,6,19,-3,31,11,30,12,24,155,217,89,79,11,14,4,16,19,27,42,23,8,2,8,4,11,17,4,8,4,6,7,12,2,10,4,1,7,0,8,2,6,3,4,1,2,0,6,4,2,2,14,5
Union County,0,0,0,0,0,0,0,0,0,0,0,0,0,0,0,0,0,0,0,0,0,0,0,0,0,0,0,0,0,0,0,0,0,0,0,0,0,0,0,0,0,0,0,0,0,0,0,0,0,0,0,0,0,0,0,0,0,0,0,0,0,0,0,0,0,0,0,0,0,1,0,0,0,0,1,0,0,0,0,0,0,0,0,0,0,0,0,0,0,0,1,0,0,1,0,0,0,0,0,0,1,0,0,0,0,0,0,0,1,0,1,0,3,4,0,6,5,0,1,0,2,0,1,1,0,1,0,0,0,0,1,0,1,0,1,0,2,2,0,0,0,0,0,0,0,0,0,0,0,1,1,1,1,1,1,2,2,10,3,0,1,0,9,3,8,3,4,3,7,2,4,4,5,0,6,3,10,6,2,1,0,3,16,8,9,5,23,0,0,-6,6,9,3,7,0,2,17,0,47,6,13,64,61,13,8,3,22,7,1,4,8,4,9,12,4,3,2,12,14,8,3,20,2,9,16,17,8,10,10,26,16,9,16,48,11,5,0,25,4
Volusia County,0,0,0,0,0,0,0,0,0,0,0,0,0,0,0,0,0,0,0,0,0,0,0,0,0,0,0,0,0,0,0,0,0,0,0,0,0,0,0,0,0,0,0,0,0,0,1,1,0,0,1,1,0,1,2,2,0,0,1,1,3,2,2,10,6,9,1,16,9,11,13,9,23,9,17,2,10,2,13,12,3,8,15,10,17,12,15,21,42,9,24,10,44,8,4,2,6,5,3,4,48,9,4,1,7,5,8,3,3,8,3,6,9,10,14,1,3,11,7,6,12,10,15,8,10,7,3,26,16,5,6,5,11,19,13,7,13,15,10,8,12,11,24,30,14,18,23,26,62,60,51,50,45,38,68,95,141,140,188,91,81,114,153,124,108,81,119,147,119,164,220,180,171,167,191,192,217,196,191,229,109,233,127,146,166,164,107,101,132,99,135,127,125,138,97,94,84,116,166,125,97,84,80,89,77,102,94,50,30,61,65,58,95,106,47,38,45,72,57,48,49,21,39,134,66,106,59,87,37,44,46,16,53,96,76,57,37,65,45
Wakulla County,0,0,0,0,0,0,0,0,0,0,0,0,0,0,0,0,0,0,0,0,0,0,0,0,0,0,0,0,0,0,0,0,0,0,0,0,0,0,0,0,0,0,0,0,0,0,0,0,0,0,0,0,0,0,0,0,0,0,0,0,0,0,0,0,0,0,0,1,0,0,1,0,1,2,1,0,0,1,0,0,0,1,4,0,1,1,0,0,0,1,0,1,1,3,0,1,1,0,0,1,0,0,1,0,5,0,0,0,0,0,0,2,0,0,0,0,1,0,0,0,0,0,0,0,0,0,0,0,1,1,0,1,0,0,0,0,0,0,0,0,0,0,0,0,0,0,0,1,1,0,1,2,0,1,0,1,4,1,7,1,5,5,6,1,12,3,3,3,1,8,14,6,6,9,27,42,17,12,23,21,18,12,32,78,36,22,30,8,20,8,22,7,26,13,1,15,8,16,11,18,12,15,19,4,17,6,11,9,8,10,5,19,12,21,6,5,4,6,4,7,4,2,2,8,32,9,5,5,7,7,10,3,3,17,7,3,19,14,8
Walton County,0,0,0,0,0,0,0,0,0,0,0,0,0,0,0,0,0,0,0,0,0,0,0,0,0,0,0,0,0,0,0,0,0,0,0,0,0,0,0,0,0,0,0,0,0,0,0,0,0,0,0,0,0,0,0,0,1,0,2,1,0,5,1,3,0,1,1,0,1,2,0,1,0,2,2,2,1,0,0,1,2,0,0,0,0,0,2,1,0,0,0,0,2,1,0,0,0,0,0,3,0,5,6,1,0,0,0,1,4,6,4,1,2,5,3,1,0,4,10,6,0,3,3,3,2,0,1,0,5,0,3,0,1,0,2,4,6,0,1,2,2,7,3,1,2,2,2,5,0,8,9,7,5,2,10,7,1,4,1,2,32,12,34,4,10,13,6,48,23,39,50,54,23,21,40,27,44,34,39,25,31,44,32,33,33,52,41,9,28,25,30,56,34,6,11,30,15,22,22,38,25,6,14,15,7,16,10,10,5,15,20,9,13,14,16,2,8,13,11,10,6,8,2,24,16,16,9,20,18,6,0,15,12,16,13,9,18,10,13
Washington County,0,0,0,0,0,0,0,0,0,0,0,0,0,0,0,0,0,0,0,0,0,0,0,0,0,0,0,0,0,0,0,0,0,0,0,0,0,0,0,0,0,0,0,0,0,0,0,0,0,0,0,0,0,0,0,0,0,0,0,0,0,0,0,0,0,1,0,0,0,0,0,0,0,0,0,0,1,0,1,0,1,0,0,1,0,0,0,0,1,0,3,1,0,2,0,0,0,0,0,0,0,0,0,0,0,0,0,0,0,0,0,0,0,0,1,0,0,0,1,0,5,5,2,0,19,5,1,0,3,3,0,1,8,2,6,5,4,1,0,1,0,2,0,4,0,0,3,1,0,1,0,0,0,2,3,0,0,5,4,2,0,0,5,1,2,1,0,10,5,4,7,4,12,28,13,10,11,8,18,46,13,23,34,22,13,13,18,4,23,9,19,7,63,32,7,79,40,31,60,32,28,5,5,10,9,14,12,7,4,1,23,8,5,4,1,3,11,1,5,3,4,4,0,3,8,6,1,5,2,0,0,0,8,2,6,0,0,1,3
